Area,Bedrooms,Bathrooms,Location,Age,Price
1660,5,1,Rural,8,1190983
2094,2,2,Urban,18,2243309
1930,2,2,Suburb,4,1889886
1895,5,3,Urban,6,2433529
2438,2,2,Suburb,18,2115529
2969,4,1,Downtown,19,4178732
1266,1,3,Urban,6,1489334
2038,3,1,Urban,1,2459637
1130,1,3,Coastal,15,1741818
2282,3,3,Urban,12,2611118
2935,4,2,Rural,7,1988418
930,2,1,Suburb,5,943976
2485,5,3,Downtown,5,3795250
1569,4,2,Rural,8,1116158
2315,1,3,Rural,3,1531131
2015,5,3,Rural,10,1451163
1755,2,3,Rural,4,1245583
1984,4,3,Downtown,16,2902221
1259,5,3,Coastal,19,2136537
821,4,3,Urban,6,1175203
1547,4,2,Rural,14,1030032
1274,2,3,Urban,14,1403268
1882,3,1,Urban,13,2114533
2847,5,2,Rural,12,1928865
1775,2,1,Coastal,10,2868336
2606,4,3,Urban,12,3058462
989,2,1,Suburb,8,919828
1362,3,3,Urban,9,1671206
2699,5,3,Rural,3,1992429
2067,3,2,Downtown,16,2923657
2328,1,2,Urban,13,2503983
1446,5,3,Coastal,17,2471385
2868,3,2,Suburb,10,2680140
2097,4,1,Suburb,15,1971783
1400,5,2,Downtown,0,2365250
2861,5,2,Downtown,6,4270680
1041,2,1,Urban,9,1177112
2841,4,2,Rural,8,1876764
2163,1,3,Coastal,2,3636553
2939,3,1,Suburb,13,2667288
2190,2,3,Downtown,14,3113917
2278,3,1,Coastal,1,3833888
1575,1,3,Rural,13,918405
834,1,3,Suburb,15,678421
2755,5,2,Suburb,6,2794590
2385,1,3,Rural,3,1558516
1821,3,2,Suburb,17,1624373
1929,4,1,Rural,4,1393854
2300,4,3,Suburb,5,2367530
1502,5,3,Urban,6,1990937
2379,3,1,Rural,14,1466716
961,3,1,Coastal,0,1739778
1001,1,3,Urban,3,1265688
2781,3,1,Coastal,0,4678536
1795,2,2,Suburb,10,1662518
1615,1,1,Coastal,17,2416097
1255,2,1,Urban,13,1329596
2075,5,3,Rural,10,1524971
1816,4,2,Downtown,9,2700945
1137,5,1,Coastal,16,1913998
1678,4,2,Downtown,3,2595063
1876,5,2,Coastal,14,3157748
1591,3,2,Coastal,15,2571609
1563,2,3,Rural,12,1022259
1179,4,1,Suburb,8,1208909
1292,1,3,Urban,10,1439888
1980,2,1,Urban,10,2158653
2862,1,1,Urban,5,3201703
864,2,3,Suburb,0,995729
2167,2,2,Downtown,5,3155218
1952,5,2,Urban,12,2340318
2827,4,1,Downtown,4,4148243
2295,4,3,Suburb,14,2212541
1962,2,2,Suburb,17,1704643
2322,3,2,Rural,19,1359253
1191,3,1,Urban,13,1335948
2498,1,1,Rural,14,1396674
1218,1,3,Urban,4,1467004
1178,5,1,Suburb,3,1377209
2596,2,2,Suburb,1,2533640
2888,1,2,Coastal,6,4676607
2982,1,2,Coastal,9,4774413
1000,2,2,Suburb,15,853291
2663,5,3,Suburb,9,2694746
1579,1,3,Downtown,17,2121885
1302,5,1,Downtown,16,1919686
2551,4,1,Rural,12,1614544
1604,5,1,Coastal,0,2911905
2946,3,3,Coastal,0,5006940
2695,3,2,Suburb,14,2475525
2370,5,1,Suburb,0,2497391
1760,3,2,Rural,5,1212607
2285,4,1,Coastal,12,3728953
1828,2,1,Downtown,0,2734141
1302,3,1,Urban,4,1568133
1197,3,1,Rural,8,799586
1670,5,1,Urban,16,1954989
1192,4,2,Downtown,15,1738482
1006,2,1,Downtown,7,1481021
1838,5,2,Urban,16,2175852
2681,5,3,Rural,14,1844085
2284,4,1,Urban,0,2818944
1663,2,2,Rural,11,1013954
1363,4,3,Rural,4,1096847
1820,2,3,Suburb,5,1795993
895,4,3,Coastal,0,1772338
2723,5,2,Coastal,0,4721123
2557,5,1,Downtown,9,3792493
2478,1,1,Suburb,9,2223930
1340,3,2,Coastal,2,2367634
1859,4,1,Rural,16,1151692
1983,1,2,Rural,18,1068351
2522,3,1,Urban,10,2859311
2619,4,3,Urban,17,2965817
2397,2,1,Rural,1,1563345
1595,3,2,Rural,8,1096717
1851,5,2,Urban,16,2185591
2443,1,3,Coastal,13,3913136
2163,3,2,Downtown,3,3230105
2781,3,1,Urban,16,3039373
2154,5,1,Coastal,16,3576055
2463,4,3,Coastal,11,4156200
2329,2,2,Coastal,19,3637634
2838,5,3,Suburb,17,2702549
2296,2,1,Suburb,2,2167402
2208,4,3,Coastal,10,3751834
2200,3,2,Rural,17,1327573
2106,2,3,Suburb,3,2088203
1772,1,2,Urban,16,1874796
2568,1,2,Suburb,17,2177530
2082,5,1,Rural,4,1525704
1509,4,1,Downtown,13,2182580
2279,5,1,Suburb,9,2233117
2234,5,2,Coastal,14,3755753
1448,5,3,Coastal,0,2722811
1117,1,2,Coastal,15,1690201
2057,1,1,Downtown,10,2816844
1483,5,1,Rural,19,953092
1463,1,3,Urban,5,1741068
2798,4,1,Rural,15,1709050
2431,5,1,Downtown,1,3738680
2295,1,1,Coastal,0,3765289
1936,2,3,Rural,8,1284687
2653,5,2,Urban,11,3113716
2320,5,1,Coastal,16,3807159
1363,4,3,Urban,14,1655668
2091,3,1,Suburb,18,1857012
2436,3,3,Urban,9,2819879
1498,4,1,Coastal,11,2506957
2960,4,3,Suburb,13,2849919
801,4,1,Coastal,8,1470500
1441,3,2,Coastal,12,2371094
2389,4,1,Suburb,2,2421050
1654,1,3,Urban,13,1819566
2559,5,1,Downtown,9,3783174
2461,5,2,Downtown,15,3595733
1953,2,1,Downtown,6,2807250
1876,2,3,Downtown,3,2823663
2507,5,3,Rural,19,1641739
2495,1,2,Downtown,10,3467030
2533,3,3,Suburb,15,2347421
2239,3,1,Downtown,19,3087670
1635,1,1,Coastal,3,2646166
1002,3,1,Downtown,16,1359921
922,4,3,Urban,12,1178877
1200,5,1,Suburb,10,1296561
1566,5,1,Suburb,2,1720641
1093,1,1,Rural,8,622173
997,3,2,Coastal,5,1772073
2730,2,3,Suburb,10,2554664
2991,2,3,Urban,15,3324382
1408,3,3,Downtown,18,1972493
1947,2,2,Suburb,4,1884743
986,1,3,Urban,13,1079325
2594,1,2,Downtown,16,3550812
1459,3,2,Rural,2,1093995
2755,2,3,Suburb,3,2654240
2169,1,1,Suburb,15,1809659
2786,1,1,Urban,15,2952341
2334,4,3,Coastal,3,4058444
946,4,3,Rural,18,649347
2534,1,2,Coastal,16,3965320
2643,3,3,Suburb,12,2476673
1288,5,2,Coastal,0,2426133
2759,5,3,Downtown,11,4117729
2463,1,1,Rural,3,1502837
1440,1,1,Coastal,10,2262758
2602,1,3,Downtown,4,3765111
2769,3,2,Urban,1,3299106
2998,4,1,Coastal,16,4863629
2238,1,2,Rural,7,1396303
2434,1,3,Downtown,5,3510807
1062,2,3,Coastal,8,1832824
2587,3,1,Urban,12,2888941
2991,1,3,Coastal,10,4785658
1423,2,1,Downtown,15,1899836
1816,5,2,Coastal,15,3061235
1680,1,1,Rural,1,1077834
2849,1,1,Suburb,9,2514677
2127,2,2,Downtown,11,3034566
1252,3,1,Downtown,7,1864990
1983,1,1,Downtown,10,2703496
2856,5,3,Downtown,9,4274783
2482,1,2,Coastal,12,3946638
1954,5,1,Rural,16,1301155
1203,4,2,Urban,6,1547960
2999,4,2,Rural,2,2101893
2901,5,1,Downtown,19,4139349
2496,3,3,Coastal,12,4086274
1427,1,2,Coastal,18,2171764
1386,1,1,Downtown,6,1964233
2448,4,2,Coastal,8,4109620
2243,5,3,Downtown,18,3279704
2245,1,3,Rural,12,1342666
903,1,3,Suburb,7,901494
1053,3,1,Coastal,17,1621876
2296,2,1,Downtown,1,3381742
898,4,3,Downtown,17,1369755
2684,4,1,Coastal,17,4344608
2719,2,3,Urban,10,3083306
1677,1,1,Downtown,0,2458062
1137,3,3,Coastal,13,1919984
1756,3,2,Downtown,15,2516129
2504,4,3,Urban,10,2955525
960,3,3,Suburb,0,1157216
2403,2,1,Urban,6,2685881
1197,1,1,Rural,15,578800
2100,2,1,Coastal,13,3325284
1615,5,1,Urban,14,1896671
2327,4,1,Suburb,13,2174391
2719,3,1,Downtown,10,3860933
2215,5,2,Coastal,15,3699535
1958,3,3,Urban,18,2177287
2018,1,3,Suburb,16,1736604
1200,1,3,Urban,5,1438934
1439,1,2,Rural,10,857100
1259,3,3,Coastal,16,2062447
1754,5,2,Downtown,8,2727116
1269,1,2,Suburb,17,1012677
1845,5,2,Urban,16,2163798
2493,3,3,Coastal,11,4152815
2885,5,2,Urban,4,3478515
1362,3,3,Coastal,10,2324768
2599,3,3,Rural,3,1833276
2874,4,1,Urban,3,3392604
1025,3,1,Rural,2,806748
1597,3,2,Suburb,16,1453567
1759,2,2,Rural,6,1156636
2304,1,3,Coastal,3,3824015
1252,4,2,Suburb,12,1237904
1615,4,2,Urban,11,1919154
1458,4,3,Urban,0,1979504
1346,2,2,Coastal,18,2095969
2015,3,2,Downtown,19,2769646
816,1,3,Downtown,17,1058871
2043,5,3,Urban,10,2513206
1869,3,1,Coastal,19,2916507
2946,2,3,Downtown,2,4352128
2568,3,1,Rural,16,1505678
1860,3,2,Urban,11,2162206
1101,2,3,Rural,9,744745
980,4,3,Coastal,7,1816042
1406,4,3,Rural,14,981826
1499,1,2,Downtown,4,2151402
1792,1,1,Downtown,3,2557919
1939,4,2,Suburb,19,1807453
990,5,2,Urban,18,1218133
1780,3,3,Coastal,3,3100185
2806,5,1,Urban,14,3244065
1984,3,2,Rural,16,1186505
927,4,3,Coastal,11,1699912
2865,1,2,Coastal,2,4716189
2616,1,2,Downtown,9,3695184
2558,5,3,Rural,14,1717549
1369,1,3,Downtown,9,1981342
2146,4,1,Downtown,17,3049920
2695,5,2,Suburb,0,2818449
1425,3,3,Downtown,2,2269129
2486,1,3,Urban,11,2744112
954,2,1,Coastal,0,1692941
2209,1,1,Downtown,2,3146095
1584,3,3,Urban,2,1984464
1045,5,1,Rural,4,907078
2300,3,3,Coastal,18,3731567
2505,2,2,Rural,0,1725103
1337,4,1,Urban,3,1705711
2690,1,2,Rural,3,1684616
2641,5,2,Rural,16,1702575
1720,4,2,Rural,13,1137960
1324,3,3,Downtown,17,1896592
2329,5,2,Downtown,0,3666853
835,4,2,Downtown,15,1292920
1484,5,2,Coastal,2,2715787
819,2,3,Urban,8,1006224
1199,2,2,Downtown,3,1861058
1771,1,2,Rural,4,1118843
2706,1,1,Rural,10,1576228
1966,2,3,Rural,8,1325333
1915,5,2,Rural,2,1478560
1633,2,1,Suburb,5,1572152
2623,1,3,Coastal,10,4237898
2782,2,3,Urban,8,3155123
1653,2,3,Urban,14,1857535
850,5,3,Downtown,2,1571325
1374,4,3,Suburb,0,1594549
1948,1,3,Urban,19,2030621
2997,5,2,Coastal,18,4881276
2515,2,2,Rural,13,1506032
1481,2,2,Downtown,16,2011401
1637,4,2,Coastal,13,2729503
1877,1,1,Urban,16,1945167
2395,1,2,Suburb,13,2086957
804,3,3,Downtown,11,1272043
1926,1,2,Urban,15,2015903
2019,4,2,Downtown,0,3167301
1573,3,3,Urban,12,1870811
1676,3,2,Rural,5,1175728
1791,2,2,Suburb,16,1560180
846,2,2,Rural,11,552027
1068,1,1,Urban,18,1006444
1169,3,2,Coastal,5,2063414
1435,2,3,Rural,6,987967
1929,4,3,Coastal,0,3423061
2493,2,2,Urban,0,2924716
2482,2,2,Suburb,4,2344310
1456,3,2,Coastal,5,2525982
919,3,3,Urban,15,1091100
1630,5,3,Coastal,15,2774906
2610,4,1,Rural,13,1646534
1881,3,1,Urban,0,2317268
2774,1,1,Rural,12,1602722
2169,4,3,Downtown,19,3098048
1540,4,1,Urban,9,1846696
916,3,2,Coastal,9,1565310
2653,4,2,Downtown,8,3928508
1950,3,3,Rural,12,1298892
2731,2,1,Rural,2,1779205
1812,5,2,Coastal,17,3009783
2464,2,3,Downtown,19,3391784
1881,3,1,Suburb,1,1923115
1433,3,2,Coastal,16,2307653
1312,2,1,Rural,18,653309
1919,1,3,Urban,12,2123577
1941,1,1,Downtown,12,2667157
1359,1,3,Suburb,0,1379759
1287,3,1,Urban,1,1591938
1696,4,2,Downtown,0,2720134
2012,3,3,Coastal,4,3482875
1503,4,3,Coastal,2,2719864
2270,2,3,Downtown,6,3329115
1380,5,1,Suburb,12,1403952
953,4,1,Downtown,17,1334820
2479,1,2,Urban,6,2781154
1796,3,3,Urban,0,2283049
2043,2,3,Coastal,4,3463058
1892,1,1,Downtown,16,2483270
1808,2,1,Coastal,7,2939803
2941,5,2,Suburb,14,2814471
2573,3,2,Urban,19,2799968
1757,3,1,Rural,3,1210923
1252,5,3,Rural,1,1172856
2027,3,2,Downtown,4,3038840
1350,4,1,Downtown,0,2179945
2435,2,1,Rural,4,1576969
2112,1,3,Downtown,5,3063846
2557,5,1,Urban,1,3113141
1156,4,1,Suburb,0,1341392
2870,1,2,Suburb,3,2659719
2585,1,1,Coastal,6,4121397
2581,5,1,Urban,0,3183489
2431,4,2,Downtown,0,3711345
1815,1,3,Downtown,7,2608233
2148,1,3,Coastal,19,3319600
1315,4,2,Coastal,15,2173190
1135,3,2,Downtown,12,1676822
2582,1,3,Downtown,17,3510930
1296,2,3,Urban,19,1409357
1695,4,3,Coastal,9,2921071
1651,1,3,Urban,11,1821081
2487,5,3,Downtown,0,3916504
2731,2,2,Rural,9,1675718
2368,1,1,Rural,8,1371463
1756,2,3,Downtown,2,2690186
2436,2,3,Coastal,18,3853335
2091,3,1,Rural,8,1343758
2240,2,1,Coastal,9,3610087
1991,3,1,Rural,18,1137178
1866,4,1,Coastal,15,3063721
1084,3,1,Rural,17,605274
811,5,1,Coastal,13,1455131
2430,1,2,Urban,2,2770907
1553,4,1,Coastal,1,2760621
2882,4,1,Urban,0,3470339
889,5,2,Urban,17,1129967
1575,3,1,Downtown,8,2297787
2425,1,3,Urban,12,2659205
1217,3,3,Suburb,1,1354145
914,2,1,Urban,6,1091664
1416,3,2,Coastal,15,2309669
1625,4,3,Urban,18,1892153
2449,1,2,Coastal,14,3834882
2316,3,3,Coastal,10,3860656
1212,1,1,Suburb,0,1186890
1528,1,2,Urban,6,1721481
1475,2,2,Urban,19,1565477
2692,2,2,Rural,7,1712452
1922,4,3,Rural,9,1355996
2371,5,3,Downtown,4,3656663
1777,1,3,Coastal,8,2885977
1808,5,1,Suburb,0,1978738
2943,4,3,Rural,1,2101143
2487,1,1,Urban,18,2575853
836,1,2,Downtown,13,1100262
2348,5,2,Suburb,19,2219432
1672,3,1,Urban,9,1948690
2621,2,3,Urban,8,3010749
2096,3,1,Coastal,9,3461706
2909,5,2,Coastal,5,4978186
1395,2,2,Rural,16,782691
2703,3,1,Rural,5,1789879
1528,2,3,Urban,3,1870828
2165,1,3,Urban,19,2288635
1196,3,1,Rural,2,908666
1498,2,1,Rural,18,812863
2435,2,3,Urban,17,2666681
1195,2,2,Suburb,3,1218434
875,3,1,Urban,7,1068410
1064,4,3,Suburb,16,1095082
2619,3,3,Suburb,4,2574241
1517,5,2,Urban,12,1884650
1650,3,2,Downtown,0,2595723
2190,2,2,Rural,12,1320225
943,1,2,Coastal,3,1608514
1684,3,2,Urban,13,1908987
1195,3,1,Suburb,2,1268459
2292,2,3,Urban,4,2720392
1967,1,1,Rural,6,1174375
1862,1,1,Suburb,0,1755851
2956,5,1,Coastal,11,4880492
1865,3,1,Coastal,10,3082676
2009,1,1,Coastal,7,3182849
1433,1,2,Downtown,5,2082295
1956,4,2,Suburb,1,2074077
2038,4,3,Suburb,18,1906593
1532,1,1,Downtown,19,1958990
1034,5,3,Suburb,19,1070309
1550,1,2,Downtown,13,2116533
1753,2,2,Urban,0,2124441
2342,3,2,Rural,9,1537189
1997,5,1,Coastal,15,3304108
2476,2,1,Downtown,3,3590711
1991,5,2,Downtown,10,3042774
2216,2,3,Downtown,15,3145132
2017,3,3,Urban,19,2236022
2340,3,2,Downtown,0,3556710
2876,4,3,Rural,15,1844612
2245,2,2,Rural,18,1281889
2319,4,3,Coastal,8,3937812
2188,2,2,Urban,8,2487414
2656,4,3,Rural,8,1848094
2165,3,1,Suburb,16,1923157
1299,5,2,Suburb,11,1359756
2480,4,2,Suburb,12,2350967
1310,2,3,Downtown,7,1958422
1016,2,2,Downtown,15,1383164
2124,3,2,Suburb,17,1902473
1955,2,2,Coastal,0,3326949
2627,1,1,Coastal,0,4317047
2610,5,1,Downtown,11,3850030
2005,4,3,Suburb,5,2061771
890,5,1,Coastal,8,1615607
1513,3,3,Downtown,4,2347723
2681,4,1,Suburb,15,2486347
838,4,3,Urban,17,1046557
972,1,1,Suburb,16,758687
1452,3,1,Suburb,17,1269790
1553,2,3,Rural,0,1145465
2043,1,2,Rural,18,1082108
1881,1,2,Urban,7,2079952
2483,5,1,Urban,2,3016762
1255,5,3,Suburb,4,1510796
1628,5,2,Coastal,7,2881595
1694,1,3,Urban,18,1747670
2184,2,2,Suburb,17,1929065
2758,4,3,Downtown,17,3960691
2796,5,1,Rural,0,2038128
989,2,3,Coastal,14,1618630
1304,3,2,Suburb,17,1196842
2014,5,1,Downtown,6,3039947
2331,4,3,Rural,15,1552752
1623,3,2,Downtown,15,2310030
1728,3,1,Suburb,14,1536983
1733,4,3,Urban,5,2189690
1940,5,2,Rural,8,1402417
933,1,3,Downtown,6,1372766
2905,4,3,Urban,13,3347926
1484,4,1,Coastal,10,2505150
2652,4,1,Suburb,15,2469988
1614,3,2,Suburb,5,1618472
1972,2,1,Rural,15,1116895
879,1,2,Downtown,19,1103686
1002,5,3,Coastal,15,1769434
2052,5,3,Rural,11,1490952
2499,2,2,Rural,16,1458232
2050,4,3,Downtown,4,3198622
2482,1,1,Coastal,12,3879178
2355,5,3,Downtown,7,3604641
2894,5,1,Suburb,4,2881727
2056,4,2,Urban,11,2421320
2349,2,2,Suburb,8,2182179
1966,1,3,Suburb,2,1906738
2196,2,3,Rural,2,1500891
1270,2,1,Suburb,0,1281548
1835,1,1,Coastal,17,2798272
2153,1,3,Suburb,11,1967255
1767,5,3,Coastal,8,3130936
1157,5,2,Downtown,8,1899193
1467,1,2,Rural,17,763222
1172,3,2,Coastal,17,1854434
1831,5,3,Suburb,6,1974620
1945,3,3,Rural,3,1433106
2171,1,3,Rural,12,1312717
889,5,2,Coastal,16,1545768
1339,2,3,Coastal,1,2391713
1668,1,1,Urban,13,1757769
840,4,3,Urban,2,1272838
1539,3,3,Rural,4,1142134
2746,1,3,Urban,13,3017251
2024,1,3,Suburb,2,1975393
1728,5,3,Downtown,6,2731397
2836,5,1,Rural,17,1759959
1724,5,1,Downtown,12,2581625
2381,4,3,Urban,9,2868988
1189,5,2,Coastal,12,2129231
2417,1,3,Rural,15,1410919
1055,5,3,Urban,8,1488573
1508,2,3,Suburb,1,1559589
2638,5,2,Rural,4,1920234
2744,4,2,Rural,16,1711352
809,2,2,Coastal,3,1448475
1597,1,1,Rural,16,807139
1676,1,2,Coastal,8,2718595
1828,3,1,Urban,19,1966102
1815,2,1,Suburb,1,1764124
2624,3,2,Suburb,17,2338335
1173,2,2,Rural,10,748115
2993,2,2,Rural,12,1803222
1023,4,1,Urban,7,1309437
2062,3,3,Coastal,0,3576327
2602,4,2,Suburb,16,2427480
1652,2,2,Coastal,11,2696432
862,1,2,Urban,3,1067192
2040,2,1,Suburb,12,1845884
1488,4,1,Suburb,8,1481806
2284,3,3,Downtown,6,3410343
2433,3,2,Urban,4,2880310
2952,4,1,Urban,4,3452836
1310,3,3,Downtown,16,1889348
1184,5,2,Coastal,8,2134508
1204,1,1,Downtown,5,1688698
1317,1,2,Urban,18,1324880
1275,1,2,Coastal,15,1943883
2800,3,1,Suburb,1,2739400
2468,3,1,Downtown,9,3556199
2693,2,1,Coastal,15,4261751
2260,2,2,Coastal,4,3733160
1513,1,2,Coastal,14,2376062
882,5,3,Downtown,12,1464729
1968,2,2,Suburb,12,1778797
2701,2,1,Coastal,12,4282723
2848,3,2,Downtown,14,4056770
850,5,3,Urban,13,1158357
1484,1,3,Downtown,7,2127560
1516,2,1,Downtown,10,2135956
2269,5,1,Downtown,17,3249855
1248,5,3,Coastal,3,2355150
1680,1,3,Downtown,9,2397881
1287,5,3,Urban,0,1824109
2623,5,1,Coastal,4,4502216
2881,5,3,Urban,12,3411735
2942,2,3,Rural,0,1977646
2374,1,1,Downtown,7,3345181
1049,5,2,Coastal,2,2029057
1473,5,2,Coastal,2,2698007
1237,2,3,Downtown,6,1900751
2965,1,2,Suburb,3,2742252
1570,3,2,Suburb,2,1664803
1067,2,2,Urban,14,1147140
2784,1,2,Downtown,7,3947464
1877,5,3,Downtown,2,3037491
1035,1,2,Rural,6,647499
1188,1,2,Suburb,17,945339
1562,1,1,Suburb,10,1340567
2648,3,3,Downtown,10,3849543
1423,1,1,Urban,16,1423012
2052,3,1,Downtown,5,3007473
1377,5,3,Urban,7,1859654
2922,3,2,Suburb,0,2914498
1234,5,1,Rural,9,944888
2950,5,3,Coastal,18,4866520
1563,3,2,Suburb,2,1650805
2129,2,3,Urban,3,2555487
2945,4,1,Downtown,10,4238784
2158,1,2,Suburb,14,1894110
1246,4,2,Rural,0,1075679
2817,1,3,Urban,8,3172920
2131,1,2,Downtown,10,2963891
1048,5,1,Coastal,18,1764142
965,1,1,Urban,12,1002547
2158,1,1,Downtown,15,2914920
1819,3,3,Coastal,3,3170668
1341,4,2,Downtown,0,2182118
1558,3,2,Coastal,19,2473397
2928,1,2,Coastal,12,4647615
2980,5,1,Coastal,0,5113132
1596,3,2,Downtown,4,2431232
937,3,1,Coastal,4,1684018
2153,2,2,Urban,13,2375162
2675,1,1,Rural,13,1492864
868,5,2,Rural,7,788642
2900,3,3,Coastal,3,4923097
2273,3,3,Rural,6,1551977
1004,5,1,Rural,19,673515
2973,1,1,Coastal,18,4613582
842,2,2,Coastal,14,1347899
2706,3,2,Urban,3,3217810
2958,2,3,Suburb,18,2654154
1560,4,2,Downtown,8,2399609
2942,1,1,Coastal,12,4609044
2794,4,1,Coastal,13,4533994
2735,4,1,Rural,13,1709418
1699,4,1,Urban,9,2018754
1159,1,1,Rural,15,563508
2519,1,3,Coastal,4,4130819
1080,5,3,Coastal,5,2065539
2687,2,1,Rural,1,1771570
1466,2,2,Coastal,12,2379550
892,5,1,Suburb,12,945635
1471,5,3,Downtown,18,2196933
2769,4,1,Downtown,17,3920814
860,5,3,Downtown,18,1353515
1828,3,3,Suburb,0,1951121
2289,2,1,Coastal,7,3729368
1403,5,1,Rural,15,949122
1481,3,2,Urban,1,1854323
2228,3,3,Coastal,7,3788466
1323,3,2,Suburb,5,1355973
2768,3,1,Suburb,15,2489719
1901,4,3,Downtown,10,2865560
2553,3,2,Coastal,16,4083649
2636,4,2,Downtown,18,3769404
2894,4,2,Urban,10,3373252
1944,3,1,Downtown,7,2832256
1879,2,1,Urban,3,2200888
906,3,1,Suburb,10,865748
847,3,3,Downtown,7,1368724
1136,3,1,Downtown,8,1712584
1849,2,3,Rural,1,1343335
2080,1,2,Suburb,15,1796132
2855,1,2,Rural,5,1749983
1424,4,1,Urban,18,1571290
2690,4,2,Urban,7,3158629
2076,2,1,Suburb,13,1852456
2515,5,3,Urban,15,2942773
1102,1,2,Suburb,11,991748
1438,4,1,Urban,4,1803539
855,1,2,Coastal,18,1248416
1525,2,2,Downtown,17,2057894
1325,2,1,Coastal,8,2176073
1273,5,2,Suburb,1,1526393
827,5,2,Suburb,19,860766
2925,2,2,Coastal,11,4709343
1164,4,2,Downtown,1,1947695
1325,1,3,Downtown,9,1901174
2135,3,2,Rural,0,1561801
1682,5,2,Urban,3,2212052
1830,3,1,Rural,11,1167179
1826,4,3,Downtown,8,2773300
2446,5,1,Coastal,3,4227505
1718,3,1,Urban,8,1963600
2574,4,1,Coastal,5,4328646
2331,1,3,Rural,0,1591335
2706,4,1,Suburb,9,2593326
2015,5,1,Coastal,13,3346054
2454,2,1,Rural,17,1386227
1284,1,2,Rural,5,848127
2875,3,1,Rural,17,1704775
1513,5,3,Suburb,19,1507901
1862,2,3,Suburb,15,1690173
2776,4,2,Suburb,14,2605925
2096,2,3,Urban,15,2329577
2054,5,3,Suburb,7,2140715
2933,5,2,Suburb,12,2840807
925,2,1,Suburb,10,842986
1336,4,2,Coastal,6,2350668
2992,2,1,Suburb,16,2601440
2872,5,1,Urban,17,3246358
2403,5,3,Rural,18,1597936
866,3,2,Coastal,12,1492139
1032,3,3,Downtown,14,1520928
2956,1,3,Suburb,0,2835342
1969,5,1,Rural,15,1269227
2958,3,3,Rural,4,2043396
910,2,2,Coastal,2,1611990
2293,4,3,Downtown,9,3440455
2881,2,3,Urban,18,3129087
1422,4,1,Rural,4,1095873
2341,3,2,Rural,6,1590715
2105,1,3,Rural,13,1238901
2561,2,1,Rural,2,1652877
2775,2,3,Coastal,12,4471643
1676,2,2,Downtown,12,2386764
2789,4,3,Rural,9,1892129
2112,3,3,Urban,1,2599287
2260,2,1,Urban,5,2562818
2533,2,3,Suburb,7,2384719
2405,1,1,Rural,3,1501443
2326,1,2,Rural,11,1394229
2430,3,3,Rural,14,1567760
1960,3,2,Rural,7,1356438
1558,5,2,Rural,6,1244013
1042,1,3,Urban,13,1110657
1863,5,1,Downtown,18,2707829
1028,4,2,Downtown,13,1568122
1719,5,2,Suburb,12,1726920
2046,2,3,Urban,0,2493350
805,5,3,Rural,18,645586
1267,3,3,Downtown,0,2080284
2555,4,3,Coastal,3,4411010
874,2,3,Coastal,9,1528111
803,5,3,Coastal,2,1682590
2670,4,1,Rural,19,1589869
1445,4,2,Rural,8,1087594
917,2,1,Suburb,2,959721
2429,5,1,Suburb,5,2423602
2821,4,3,Suburb,5,2846321
1746,4,2,Coastal,11,2935265
2264,1,1,Rural,0,1454000
993,4,3,Coastal,15,1723194
1646,1,3,Suburb,4,1585486
2215,5,2,Rural,8,1595171
2258,5,1,Urban,9,2692803
2468,5,1,Downtown,12,3639112
2233,3,1,Downtown,14,3119349
1941,5,3,Suburb,11,2002294
2610,4,2,Coastal,4,4420396
1523,2,2,Urban,4,1808624
1024,1,1,Rural,17,476598
1331,3,3,Coastal,11,2251769
912,5,1,Suburb,2,1147432
2987,5,2,Coastal,6,5087474
1358,2,3,Suburb,16,1236477
2848,2,1,Downtown,18,3873443
2937,3,1,Downtown,17,4077816
1453,1,3,Coastal,0,2477994
1119,5,2,Urban,4,1553298
2373,3,3,Rural,1,1683589
2628,4,1,Suburb,0,2635359
2717,4,1,Rural,6,1833606
938,3,1,Downtown,10,1358550
2826,5,1,Urban,10,3301901
1701,3,2,Urban,17,1871077
1489,5,2,Rural,16,1039831
2839,2,1,Downtown,1,4089729
809,3,2,Rural,6,685083
1060,5,2,Coastal,6,2001331
2742,3,2,Urban,9,3163311
2473,3,1,Urban,2,2914926
2860,5,3,Coastal,11,4849503
1991,5,3,Downtown,2,3174949
2419,1,3,Urban,10,2673242
1120,3,1,Suburb,11,1069417
2142,4,2,Suburb,3,2183778
2436,3,2,Downtown,15,3467649
2794,3,1,Coastal,19,4428064
2743,5,1,Rural,17,1738428
2838,3,3,Downtown,3,4240380
1918,3,3,Rural,5,1354633
2404,4,1,Downtown,14,3452503
1035,5,3,Suburb,0,1354991
2769,3,2,Coastal,2,4659873
1133,2,1,Suburb,4,1090437
2708,1,1,Coastal,16,4192229
1175,4,2,Rural,13,846647
1960,3,2,Downtown,8,2855299
2370,2,2,Urban,2,2799632
2119,3,3,Urban,12,2421239
2655,3,1,Coastal,2,4440920
2172,5,3,Coastal,10,3770036
1672,5,2,Suburb,1,1882181
2052,5,3,Urban,14,2483723
2651,2,2,Suburb,12,2424650
2114,3,3,Rural,18,1287835
1524,1,3,Urban,15,1634594
2852,4,2,Rural,17,1802498
877,5,3,Downtown,6,1552309
931,5,1,Suburb,12,1023399
1400,3,3,Coastal,3,2507095
2572,3,3,Urban,8,3030724
1865,2,1,Suburb,9,1730778
2936,2,2,Coastal,8,4791889
2663,5,1,Downtown,6,3998301
2118,3,3,Urban,14,2446647
1415,1,2,Rural,7,855373
2688,4,3,Downtown,18,3830282
1846,3,3,Coastal,10,3099132
1374,3,1,Urban,4,1684061
2990,2,1,Urban,1,3422866
1792,4,2,Downtown,9,2671393
2992,5,2,Urban,15,3425695
2048,3,2,Coastal,12,3376322
1302,5,3,Downtown,7,2115637
2797,3,1,Rural,8,1759372
1620,5,1,Downtown,10,2446680
2951,4,1,Downtown,10,4287586
2770,2,2,Rural,15,1662476
997,4,1,Coastal,9,1766494
2469,1,1,Suburb,11,2157446
2002,2,1,Suburb,5,1899885
2271,4,2,Rural,11,1511012
2446,1,1,Coastal,9,3871463
2492,3,2,Urban,17,2769497
2112,3,1,Rural,17,1233004
2835,5,1,Suburb,3,2827434
1277,2,1,Coastal,8,2083923
2054,3,2,Downtown,6,3036005
1722,2,2,Coastal,17,2688948
1219,3,1,Coastal,7,2040630
1920,5,3,Suburb,10,2014413
1750,4,2,Suburb,6,1797354
2077,5,2,Urban,8,2523654
2657,1,1,Urban,7,2944152
1316,3,3,Rural,2,1052739
2458,1,1,Downtown,16,3316222
2665,1,2,Urban,1,3043888
1941,2,2,Suburb,14,1746725
2732,3,1,Coastal,13,4402723
1614,1,1,Rural,17,819014
2700,4,3,Urban,15,3130414
2862,1,3,Coastal,19,4501893
2894,4,2,Coastal,3,4911132
929,2,3,Urban,19,988546
894,1,3,Downtown,5,1347621
2755,5,2,Downtown,5,4159702
1593,2,2,Rural,10,1021216
2634,4,2,Downtown,16,3773123
2916,2,2,Rural,2,1942376
2483,1,1,Suburb,12,2143816
810,3,2,Urban,2,1097473
2665,3,2,Coastal,15,4316322
1511,4,2,Rural,14,1009335
2870,4,3,Downtown,10,4232461
1614,3,2,Rural,17,954484
1145,4,1,Rural,14,771771
1162,2,1,Downtown,4,1725556
2988,5,2,Downtown,15,4325268
1784,5,1,Urban,15,2076316
2439,2,3,Coastal,16,3875319
1627,5,2,Urban,8,2043250
1155,1,1,Urban,2,1347024
2147,2,1,Downtown,19,2905406
2663,4,2,Downtown,12,3841483
926,2,1,Coastal,2,1586291
1403,3,2,Rural,6,1005012
2728,4,1,Urban,5,3215918
1813,3,3,Coastal,8,3079402
850,4,1,Urban,11,1037540
2230,5,1,Rural,14,1473829
2592,2,2,Urban,19,2792509
2436,1,1,Suburb,2,2238319
2445,4,2,Coastal,9,4089277
2005,4,3,Downtown,0,3190597
2654,3,2,Urban,18,2939073
1366,5,2,Coastal,18,2321188
1735,3,1,Coastal,12,2803676
2734,3,3,Urban,11,3155244
2132,5,2,Downtown,0,3344552
1001,1,1,Downtown,18,1217412
916,3,1,Urban,15,981775
1736,3,2,Coastal,14,2838270
1374,4,1,Downtown,15,1950667
1336,5,2,Urban,10,1701078
2425,2,2,Urban,5,2788939
2922,1,2,Urban,10,3208947
1185,1,3,Coastal,2,2066888
1274,5,2,Downtown,14,1983396
1217,4,1,Coastal,0,2227010
1738,4,3,Suburb,6,1822502
1754,5,1,Downtown,0,2766300
1675,4,3,Coastal,16,2806814
1562,1,3,Downtown,8,2251641
2002,1,3,Suburb,12,1825613
2005,2,3,Rural,10,1307713
1463,5,1,Urban,19,1683846
824,3,2,Coastal,5,1532700
2790,3,1,Suburb,0,2704048
2003,2,2,Suburb,6,1935304
1509,2,1,Downtown,11,2110890
2679,4,3,Downtown,19,3854506
1984,2,3,Urban,18,2133501
1084,2,2,Downtown,16,1477378
862,3,2,Coastal,3,1591625
1802,4,1,Coastal,2,3144709
1461,2,2,Coastal,0,2525452
2292,2,1,Rural,17,1305582
1766,4,2,Coastal,14,2930100
1648,5,2,Downtown,7,2610376
1907,4,2,Downtown,0,2972474
1488,3,3,Coastal,19,2388995
947,5,3,Suburb,13,1097873
1141,1,1,Suburb,3,1076271
1886,4,2,Suburb,4,1960453
2524,3,1,Urban,12,2838297
2183,5,2,Rural,14,1461757
1126,4,3,Coastal,5,2063708
2592,2,3,Urban,0,3114816
2559,4,2,Suburb,18,2370858
1789,1,2,Coastal,12,2810229
1751,4,3,Urban,5,2186937
1522,5,3,Downtown,14,2325832
2879,5,1,Suburb,15,2710334
1228,4,3,Urban,15,1482152
2300,5,2,Downtown,9,3465215
1085,2,1,Suburb,8,1042819
2865,4,2,Rural,8,1898106
1568,2,1,Suburb,16,1342447
2194,2,2,Rural,16,1275166
993,3,3,Rural,16,668848
1787,4,2,Rural,11,1250778
1936,5,1,Coastal,12,3266300
2961,2,2,Coastal,11,4752596
2501,3,1,Rural,13,1496778
1746,4,2,Downtown,9,2634719
1630,4,3,Rural,18,1091522
2720,1,3,Urban,1,3143025
854,1,2,Rural,3,587180
1599,2,2,Coastal,18,2481106
1577,1,2,Coastal,6,2586116
2281,2,1,Urban,14,2439067
2701,5,2,Urban,14,3141956
2934,2,2,Suburb,5,2773230
854,1,1,Downtown,2,1244779
2623,5,3,Downtown,5,4025823
2001,1,2,Downtown,15,2703987
1632,2,2,Coastal,1,2789933
1112,3,3,Downtown,6,1759570
2658,4,3,Suburb,10,2606087
2807,1,1,Suburb,6,2563840
2806,2,2,Downtown,3,4057375
2590,5,2,Urban,19,2971869
1127,1,1,Suburb,6,1007219
2087,1,3,Urban,3,2410302
2943,4,1,Coastal,11,4839263
1911,2,3,Suburb,4,1903960
2111,3,1,Urban,18,2284254
1251,5,3,Downtown,4,2091540
2323,2,1,Coastal,18,3629607
964,5,3,Rural,2,959570
981,1,3,Rural,10,639969
1709,4,3,Downtown,6,2661430
1622,4,3,Coastal,16,2729740
1743,3,3,Coastal,8,2945390
2801,4,2,Coastal,8,4698345
2854,1,3,Coastal,9,4612009
1129,3,2,Rural,12,744801
1574,2,3,Urban,14,1759129
2998,4,2,Coastal,4,5064744
946,3,2,Urban,2,1293342
1714,1,1,Coastal,7,2752567
2371,5,3,Suburb,19,2267545
2108,5,1,Suburb,9,2129591
881,1,1,Suburb,12,711947
1313,1,3,Coastal,2,2278971
2720,5,1,Urban,7,3219560
2739,3,3,Rural,8,1800047
1545,5,1,Downtown,11,2329106
2209,1,3,Rural,10,1331415
1506,4,3,Coastal,1,2746106
1270,2,3,Suburb,17,1146613
1195,4,2,Suburb,8,1269567
2355,4,1,Urban,1,2876741
1604,1,2,Coastal,1,2663456
1733,5,1,Rural,2,1351519
2079,3,1,Coastal,15,3349562
2557,4,1,Coastal,18,4100528
1704,5,2,Suburb,3,1850776
1876,3,1,Rural,17,1113432
2690,4,2,Downtown,19,3813771
2323,3,3,Suburb,17,2137585
2187,5,1,Rural,9,1508469
2103,2,1,Urban,10,2339815
1392,5,3,Suburb,16,1405914
2906,1,3,Urban,19,3075042
927,3,1,Suburb,15,839451
1535,2,3,Coastal,19,2382629
1320,3,2,Rural,12,859927
1036,3,2,Urban,1,1385917
2104,4,1,Suburb,1,2152496
2581,1,2,Urban,13,2782255
2101,3,2,Suburb,3,2130821
2851,5,1,Suburb,16,2654188
1241,5,3,Downtown,12,1997988
2876,4,1,Downtown,3,4252815
1604,1,2,Downtown,2,2361685
874,1,1,Urban,11,877651
2975,5,1,Coastal,7,5001884
2889,2,2,Suburb,1,2780674
2179,4,2,Rural,5,1532023
840,4,1,Downtown,9,1311936
2881,5,2,Urban,11,3408815
2500,5,2,Urban,9,2971123
2201,2,2,Urban,9,2459161
1387,2,2,Rural,2,1013057
2422,1,2,Rural,19,1335808
1141,4,2,Downtown,9,1788899
2874,4,3,Rural,8,1973495
1445,5,1,Downtown,19,2107618
1530,1,2,Rural,18,786451
967,4,1,Rural,13,651561
1409,1,3,Rural,1,996307
2572,1,2,Downtown,4,3703269
2840,5,1,Suburb,19,2615814
1254,1,2,Downtown,7,1812896
2508,2,2,Suburb,6,2356805
1501,2,2,Urban,5,1778356
2399,3,2,Urban,10,2730232
929,5,2,Downtown,11,1523432
2645,3,2,Suburb,17,2384976
2186,2,2,Suburb,18,1876845
1492,3,3,Suburb,9,1511290
2194,5,3,Urban,13,2638167
1593,5,2,Downtown,2,2596257
828,1,2,Coastal,17,1195010
948,4,3,Suburb,14,997359
2119,1,3,Suburb,5,1989664
2858,5,3,Coastal,9,4868843
1936,2,2,Downtown,11,2736619
986,2,1,Suburb,6,955346
2050,1,1,Downtown,16,2736587
2133,5,1,Suburb,0,2233064
897,2,1,Rural,17,472301
854,5,2,Suburb,14,963841
1557,2,1,Rural,18,798518
1205,5,3,Downtown,0,2133088
2916,3,3,Suburb,4,2886332
2112,5,1,Urban,14,2434679
2585,5,3,Urban,2,3210898
1550,1,2,Coastal,0,2592452
2562,3,1,Urban,7,2924872
1164,4,1,Rural,11,841072
2826,1,2,Urban,18,2981793
1281,4,3,Urban,11,1587965
953,2,2,Urban,12,1063645
2324,4,2,Suburb,0,2427875
2920,5,3,Coastal,18,4812359
1840,4,2,Downtown,5,2799799
2464,1,3,Coastal,7,4046596
2040,1,3,Rural,3,1352053
860,4,2,Suburb,4,1038892
1738,1,3,Suburb,6,1641884
2439,1,2,Urban,3,2752915
2889,4,3,Urban,19,3254565
824,3,1,Rural,3,648057
1862,3,3,Suburb,14,1786916
930,2,3,Downtown,4,1473951
2052,1,2,Coastal,8,3305263
907,4,3,Suburb,1,1164043
971,1,1,Downtown,6,1365921
2258,5,1,Downtown,16,3285631
901,1,3,Coastal,15,1377331
2436,1,3,Downtown,16,3339144
1840,3,1,Rural,19,1027423
1129,4,2,Downtown,1,1904676
2320,1,1,Rural,10,1329568
811,3,1,Downtown,1,1357811
2141,2,3,Urban,0,2569034
1015,3,3,Downtown,1,1687409
1138,3,1,Rural,8,807746
2599,3,2,Downtown,1,3885010
2550,1,1,Downtown,14,3460808
2308,1,1,Downtown,9,3174372
1509,2,2,Rural,14,892758
2023,5,1,Downtown,9,3007977
1912,5,1,Coastal,16,3148963
2091,5,3,Coastal,8,3664273
1288,2,2,Rural,17,722986
2361,5,3,Urban,3,2973270
846,5,3,Coastal,8,1644061
1577,3,2,Suburb,15,1469522
1839,1,2,Coastal,3,3009839
1510,1,1,Suburb,15,1211804
1200,3,3,Rural,18,765791
2617,3,2,Urban,0,3156294
1049,3,3,Suburb,5,1152312
1190,1,3,Suburb,9,1107653
1134,5,2,Coastal,15,1961371
1428,3,1,Suburb,3,1432189
936,2,3,Rural,12,599468
2321,3,2,Rural,15,1439626
1626,4,1,Rural,19,974312
1526,3,3,Coastal,5,2661204
2300,1,2,Urban,10,2541049
1789,3,3,Coastal,2,3124535
1734,4,2,Rural,19,1075944
1201,2,2,Coastal,9,1994518
2266,5,3,Rural,0,1800449
1414,3,3,Downtown,19,1995447
2096,4,2,Downtown,10,3118174
1982,4,1,Suburb,11,1879480
1921,2,3,Urban,13,2176072
930,1,2,Downtown,7,1337083
1994,3,2,Rural,10,1331437
982,4,1,Coastal,3,1810633
1163,2,1,Coastal,6,1946379
838,5,1,Suburb,9,988114
2172,4,3,Coastal,18,3561509
1720,2,2,Downtown,3,2574719
815,1,2,Coastal,1,1409349
1292,1,2,Downtown,17,1673343
2249,4,1,Downtown,13,3213060
1931,4,2,Urban,15,2223653
1110,3,3,Suburb,10,1147525
1538,2,1,Rural,9,923748
1345,4,1,Downtown,16,1907498
1050,3,1,Suburb,13,958991
1558,3,1,Rural,3,1104774
2604,4,3,Coastal,18,4261798
2097,1,2,Suburb,1,2042090
2431,2,3,Suburb,6,2315560
2714,2,2,Suburb,8,2518845
1613,1,3,Coastal,18,2461038
828,4,1,Coastal,15,1369720
1757,2,1,Suburb,15,1532959
2832,4,3,Urban,17,3243213
1276,4,3,Downtown,10,1975738
1117,3,2,Coastal,6,1969717
1044,1,3,Urban,8,1188749
1547,4,3,Coastal,3,2806550
1496,5,2,Suburb,12,1528043
1071,1,2,Urban,3,1300743
2571,2,2,Rural,18,1470874
2062,3,3,Downtown,1,3186813
1065,2,2,Downtown,8,1581667
1720,2,1,Coastal,11,2756913
1139,1,1,Downtown,1,1688229
1188,2,1,Rural,5,813619
2850,4,3,Urban,4,3421632
1965,2,1,Urban,4,2258644
1175,3,3,Suburb,19,1054821
2833,3,3,Urban,4,3363391
945,5,1,Coastal,3,1806256
2781,3,2,Rural,8,1802085
1092,2,3,Suburb,9,1060660
1231,3,1,Coastal,15,1984475
1504,1,3,Coastal,9,2436319
2798,3,2,Coastal,9,4605137
1198,4,2,Downtown,18,1705611
1763,1,1,Coastal,9,2765386
2841,5,3,Downtown,5,4344386
2628,4,3,Urban,16,3005112
2908,2,3,Downtown,4,4244255
1738,2,3,Coastal,5,2950690
1509,2,1,Rural,14,854207
1606,4,2,Rural,18,1003984
2263,4,1,Urban,17,2531477
2125,4,3,Coastal,3,3713925
810,1,3,Downtown,7,1182089
1885,1,2,Rural,15,1030242
2668,2,3,Suburb,18,2397517
1571,3,1,Coastal,19,2458578
2394,2,1,Coastal,2,3946833
2407,5,2,Suburb,9,2414582
2133,1,1,Rural,1,1345783
1684,4,1,Suburb,3,1764338
2189,1,1,Urban,5,2446478
1025,4,1,Downtown,10,1577797
1624,5,3,Downtown,13,2473271
1736,5,1,Rural,15,1150733
2711,1,2,Suburb,18,2330217
2596,4,2,Coastal,1,4471809
853,5,1,Coastal,16,1435214
1526,2,2,Coastal,8,2551212
2344,2,1,Urban,16,2516261
1843,4,2,Urban,14,2157556
2713,1,2,Coastal,6,4382042
2576,5,1,Rural,18,1638108
2396,1,1,Urban,2,2710784
2714,2,3,Urban,0,3233779
1649,5,1,Downtown,3,2632878
2909,1,1,Downtown,17,3902831
802,3,3,Rural,7,668049
959,4,1,Urban,18,1076063
1580,4,1,Urban,5,1969344
1692,3,3,Suburb,0,1824476
2830,2,1,Rural,7,1745056
1379,5,1,Rural,0,1178428
2733,4,3,Suburb,18,2577559
2180,3,3,Suburb,10,2101947
2090,3,2,Downtown,14,3001535
2440,2,1,Rural,10,1489416
1751,2,2,Rural,18,976640
1787,1,2,Suburb,9,1629410
2018,4,3,Coastal,11,3440778
1720,1,1,Coastal,0,2880996
2155,3,1,Downtown,6,3142282
969,5,3,Coastal,16,1726601
1320,5,2,Coastal,9,2333833
2286,2,3,Coastal,5,3797352
839,5,1,Urban,16,1017407
2360,5,3,Downtown,17,3459169
2218,5,1,Suburb,4,2304889
1754,3,2,Coastal,17,2839087
1783,5,1,Urban,16,2076046
1774,5,2,Coastal,15,3004895
837,5,2,Urban,7,1190630
2074,1,1,Downtown,12,2798623
1999,3,1,Coastal,15,3164382
2425,2,2,Urban,10,2701805
1713,1,3,Rural,5,1118946
1253,4,1,Rural,2,1022297
836,3,2,Urban,0,1204443
2511,3,2,Coastal,17,4047754
1595,4,3,Coastal,4,2833201
1772,4,1,Downtown,12,2567710
1392,4,2,Downtown,9,2126831
1937,2,3,Suburb,4,1916936
2124,5,2,Downtown,13,3145914
1117,3,1,Coastal,16,1764532
2962,5,3,Suburb,0,3107234
2146,5,2,Downtown,1,3357730
2391,4,3,Urban,6,2885465
2689,2,1,Rural,9,1651901
2887,1,3,Downtown,19,3916908
2796,2,1,Downtown,6,3957760
2572,5,2,Urban,15,2996753
2112,2,1,Coastal,4,3490080
2085,4,2,Urban,11,2467284
1015,1,2,Downtown,16,1343077
2939,4,1,Coastal,15,4731025
2504,1,2,Suburb,19,2116837
1162,5,3,Downtown,15,1793023
2516,1,2,Urban,18,2666903
1993,1,1,Suburb,14,1693578
1155,1,3,Rural,11,687157
990,2,3,Suburb,9,1012019
1499,2,2,Urban,1,1841660
2854,5,2,Suburb,6,2842246
2980,1,1,Urban,12,3212638
1356,3,3,Downtown,2,2196366
1625,5,1,Coastal,14,2729024
1854,1,2,Rural,0,1227187
1225,1,3,Coastal,2,2103202
2374,2,1,Coastal,9,3847278
2929,5,1,Coastal,14,4837924
1388,1,1,Urban,5,1565708
2812,1,1,Urban,19,2914267
2347,5,1,Rural,14,1517560
1094,3,3,Urban,6,1416092
2785,5,1,Urban,4,3352719
2047,5,3,Urban,3,2609641
2348,3,1,Urban,17,2533793
2490,5,2,Downtown,2,3820620
1936,1,2,Rural,16,1089335
2056,5,1,Urban,17,2336793
2864,3,2,Rural,17,1744959
1159,4,3,Suburb,1,1379348
1499,5,1,Downtown,12,2274452
1247,2,3,Urban,14,1376727
1474,1,1,Downtown,4,2077860
1807,1,2,Downtown,2,2647396
2149,2,3,Suburb,4,2125640
1385,2,2,Rural,4,950012
2056,5,2,Downtown,4,3194223
2047,2,1,Coastal,2,3383515
1793,4,3,Suburb,2,1960727
2235,3,2,Coastal,19,3533631
1371,2,1,Suburb,17,1127158
2045,2,1,Coastal,19,3142099
2884,4,1,Coastal,3,4855291
1788,1,2,Downtown,0,2650192
1077,1,1,Downtown,15,1407206
2019,5,3,Suburb,7,2133476
2687,4,3,Rural,16,1754550
1283,3,2,Downtown,7,1932177
2065,3,3,Downtown,6,3127234
1530,4,1,Urban,7,1854694
1840,3,2,Downtown,11,2688376
1717,1,1,Rural,15,909178
1685,3,2,Urban,11,1927718
821,3,2,Coastal,18,1295388
1273,4,1,Coastal,9,2172301
1503,4,3,Urban,6,1905753
1486,3,3,Urban,11,1777797
1084,2,2,Urban,19,1092610
1515,4,1,Suburb,4,1562189
1562,5,1,Rural,15,1067689
2050,5,2,Rural,8,1487381
1747,1,3,Coastal,6,2884708
1830,3,1,Coastal,19,2875653
828,2,3,Coastal,13,1360942
1706,1,3,Downtown,10,2429350
2926,3,2,Coastal,6,4830516
1369,4,2,Urban,9,1661275
2806,5,3,Coastal,8,4791049
2253,2,1,Urban,3,2587097
1537,5,1,Suburb,15,1489082
1315,4,2,Downtown,9,2023028
2800,3,3,Downtown,18,3940243
838,4,1,Rural,16,563638
1686,4,1,Suburb,8,1676779
1898,5,2,Urban,12,2295580
2623,2,3,Suburb,0,2601440
2510,4,1,Downtown,1,3798408
1773,5,2,Urban,12,2140284
2362,2,1,Suburb,8,2135850
1788,3,1,Downtown,6,2609790
820,3,1,Urban,15,907205
1668,1,2,Urban,18,1689962
883,5,3,Downtown,6,1585946
2482,2,2,Urban,5,2838305
2776,4,3,Downtown,17,3998899
2210,3,1,Coastal,18,3492641
2330,2,3,Coastal,10,3799628
1369,5,1,Urban,11,1692932
1733,1,1,Urban,9,1879816
2780,3,2,Downtown,12,3963621
2655,2,1,Urban,11,2886976
1592,2,2,Rural,9,1044222
1591,2,3,Coastal,19,2511400
2609,5,3,Urban,17,3040688
2094,5,1,Urban,3,2623618
2407,5,2,Suburb,4,2480737
1883,4,1,Urban,4,2287540
1784,2,2,Rural,11,1120852
2480,3,2,Coastal,2,4178922
1319,5,2,Suburb,7,1480254
1390,5,3,Downtown,1,2379739
1850,2,2,Downtown,17,2513066
2509,5,3,Coastal,8,4296489
2835,4,2,Downtown,12,4111600
1148,4,3,Rural,6,974976
1759,5,3,Urban,9,2198067
2763,2,3,Coastal,8,4523616
1492,2,1,Suburb,14,1283964
2359,2,2,Urban,4,2725329
1177,1,1,Downtown,11,1587801
1326,5,2,Downtown,0,2237815
2059,2,2,Suburb,11,1866217
2675,4,1,Rural,5,1827318
2563,3,3,Suburb,18,2313059
1320,3,2,Coastal,18,2086364
2501,2,3,Suburb,15,2272865
1816,3,1,Downtown,18,2491194
1813,3,3,Rural,2,1338093
916,1,2,Rural,9,583250
2167,4,2,Suburb,17,2044281
1383,4,2,Coastal,12,2332132
1194,1,1,Downtown,17,1487215
1887,1,2,Urban,2,2201312
871,3,1,Rural,2,695001
1073,5,3,Suburb,11,1241418
2813,3,2,Coastal,19,4487736
2143,1,2,Coastal,6,3478172
1137,4,2,Downtown,7,1819076
2189,3,3,Rural,8,1511722
1406,5,2,Downtown,13,2125739
965,3,1,Urban,4,1207746
2367,2,3,Urban,18,2551809
2858,3,3,Urban,15,3212558
2124,1,3,Coastal,11,3406491
1528,4,3,Rural,3,1244856
2843,4,3,Downtown,7,4218517
901,1,1,Downtown,6,1258162
2215,2,3,Urban,14,2439965
1578,1,2,Rural,5,1036957
1013,3,3,Rural,4,869223
1911,1,3,Suburb,13,1700522
2376,1,3,Rural,12,1445759
2495,2,3,Rural,9,1578800
1391,3,3,Downtown,17,2011661
2133,5,1,Rural,3,1580339
1909,5,1,Rural,7,1387051
2939,4,3,Downtown,10,4297200
1513,1,1,Rural,16,743318
1735,4,2,Downtown,17,2483627
2751,2,3,Suburb,10,2586057
1041,5,2,Coastal,15,1819969
2843,1,2,Downtown,11,3956645
801,2,3,Downtown,12,1168089
2568,2,2,Rural,15,1501723
2749,1,2,Downtown,0,3997069
2963,2,2,Urban,15,3234703
1717,1,3,Urban,14,1829658
889,1,3,Suburb,5,933397
2509,3,2,Downtown,11,3632022
2969,4,3,Rural,7,2046763
942,2,3,Rural,6,688738
905,2,2,Coastal,1,1626404
1686,3,3,Suburb,11,1673182
1227,3,1,Rural,13,741183
2128,3,3,Coastal,15,3485171
2695,5,1,Rural,10,1836315
2794,5,2,Coastal,19,4560042
1116,5,3,Urban,8,1511067
2786,1,2,Urban,9,3097778
1434,2,2,Rural,16,790605
2725,4,2,Suburb,11,2604909
2856,1,2,Downtown,5,4045842
2239,2,2,Suburb,18,1941390
1352,2,3,Suburb,10,1302908
1515,3,1,Downtown,8,2196691
2087,3,3,Urban,5,2529609
2513,1,3,Urban,15,2741597
2683,3,3,Downtown,19,3760704
1907,2,3,Coastal,15,3066362
2141,3,1,Suburb,5,2081396
910,5,3,Rural,4,934051
1050,3,2,Urban,3,1378798
2854,2,3,Rural,1,1956730
1258,1,3,Downtown,5,1857751
1907,4,1,Rural,8,1287583
1007,3,1,Rural,16,570696
1699,2,2,Suburb,13,1545816
821,4,3,Downtown,6,1398488
1209,4,3,Rural,18,832382
1694,5,3,Urban,0,2280844
1314,4,2,Downtown,19,1869334
1608,2,1,Urban,14,1730545
1673,2,2,Coastal,17,2626371
813,3,3,Rural,2,754215
1770,3,1,Downtown,17,2428389
2934,3,1,Urban,1,3430144
2360,4,2,Rural,9,1589682
2124,4,1,Suburb,10,2056638
2066,5,1,Urban,2,2586910
2969,3,3,Urban,6,3453159
1549,1,3,Coastal,7,2568568
1484,5,1,Suburb,18,1388146
2727,1,1,Coastal,17,4180354
1494,4,2,Suburb,12,1463366
1106,5,2,Urban,12,1435117
2789,5,1,Coastal,18,4513630
1461,2,3,Rural,11,939365
1348,4,1,Suburb,16,1229102
1111,4,1,Urban,11,1308322
1882,5,3,Downtown,12,2871850
2537,4,3,Suburb,11,2482569
1554,5,2,Suburb,18,1487650
834,2,2,Rural,13,524376
1244,5,2,Suburb,6,1383174
2940,4,2,Suburb,12,2792497
2782,4,3,Rural,5,1935357
2030,5,1,Rural,18,1314892
1152,5,2,Coastal,18,1942775
1702,5,2,Urban,3,2236140
2155,3,3,Urban,18,2410744
2548,4,3,Coastal,8,4304745
958,4,1,Urban,15,1093762
2777,3,1,Suburb,3,2679590
1756,5,3,Coastal,5,3184543
2871,2,2,Coastal,7,4693759
1203,5,2,Urban,15,1500127
1315,5,2,Downtown,4,2182335
2187,3,1,Urban,9,2485552
1755,4,2,Downtown,12,2597684
2999,5,2,Coastal,13,4998242
2512,4,3,Downtown,6,3768596
1407,1,2,Suburb,19,1115750
2073,4,3,Rural,5,1533646
2335,2,2,Downtown,6,3402494
2241,2,1,Rural,4,1459637
2597,5,2,Suburb,17,2479430
1094,4,2,Rural,11,798904
1554,5,3,Suburb,5,1759328
2194,3,3,Rural,0,1616441
985,2,3,Rural,3,766715
2069,5,2,Urban,18,2377703
1436,3,2,Downtown,11,2078770
2091,5,1,Rural,14,1356508
1329,4,2,Coastal,2,2439072
2868,4,1,Urban,19,3156875
1593,4,3,Downtown,7,2508848
2947,4,3,Urban,10,3442834
1277,1,3,Downtown,15,1756865
2422,3,1,Suburb,8,2299449
1739,3,2,Rural,2,1299543
1325,4,3,Coastal,4,2393587
801,1,2,Urban,19,736123
1174,4,2,Urban,13,1431553
1352,1,3,Urban,14,1429613
2325,4,1,Urban,5,2785452
2651,2,2,Rural,3,1740638
1180,2,3,Downtown,7,1779555
2446,5,2,Rural,18,1558552
813,4,2,Suburb,4,965157
1303,3,2,Rural,12,840264
2808,5,2,Rural,15,1865921
929,2,2,Suburb,0,1007250
1637,4,1,Rural,12,1099505
2840,5,1,Downtown,10,4168264
827,4,3,Coastal,7,1588422
2913,2,1,Suburb,7,2694253
2052,5,1,Urban,13,2426559
1060,2,1,Downtown,12,1478349
2846,1,2,Coastal,2,4666386
2272,2,2,Downtown,3,3315608
2247,4,3,Downtown,19,3243130
1259,3,3,Urban,14,1494036
1100,2,3,Coastal,14,1798345
1429,3,2,Downtown,12,2054681
1069,1,1,Urban,8,1165122
2793,5,1,Suburb,9,2746455
2428,5,2,Urban,11,2864733
2601,3,3,Rural,13,1638271
1661,5,3,Urban,0,2260839
2080,2,3,Urban,13,2350738
2980,3,2,Urban,13,3344217
2599,4,3,Downtown,7,3902755
2506,2,3,Coastal,15,4034201
1375,2,2,Urban,13,1506508
2803,2,1,Urban,0,3235183
2107,4,2,Rural,15,1362482
2756,1,2,Rural,17,1541574
2820,5,2,Suburb,6,2831715
2455,3,2,Suburb,14,2272901
2379,1,1,Rural,16,1272780
2647,3,3,Coastal,18,4253412
2190,5,2,Suburb,12,2169174
2542,4,1,Coastal,8,4204061
2725,2,3,Rural,14,1641094
1419,2,3,Suburb,2,1496213
2074,4,3,Urban,0,2662719
1756,1,2,Rural,15,985328
2739,1,2,Suburb,7,2494463
1768,3,3,Coastal,12,2941110
2116,4,3,Coastal,7,3649900
1843,1,3,Suburb,16,1623508
1081,4,3,Coastal,13,1870543
2966,5,3,Suburb,6,2983969
1858,2,3,Suburb,14,1714816
997,2,1,Coastal,15,1508993
1882,2,3,Downtown,18,2613007
1984,4,2,Urban,5,2422687
1808,4,2,Rural,0,1408771
2029,3,2,Urban,11,2353052
1835,2,3,Rural,17,1098351
1289,3,2,Rural,15,825579
1075,2,1,Urban,11,1178869
2039,3,3,Suburb,19,1843123
2074,3,2,Coastal,12,3425241
925,5,1,Downtown,7,1545885
1016,3,1,Downtown,0,1636297
2008,4,2,Downtown,6,3034210
2046,3,1,Urban,14,2270754
1718,2,2,Urban,12,1915699
2117,3,1,Suburb,12,1971586
2998,1,3,Downtown,8,4247314
2461,2,3,Suburb,14,2233950
1107,1,3,Downtown,3,1704501
2159,2,3,Urban,12,2426025
2769,4,3,Coastal,11,4623958
1691,4,2,Coastal,4,2985996
1174,4,3,Coastal,6,2163246
2833,1,3,Coastal,7,4598196
2164,5,3,Rural,4,1655525
928,2,3,Downtown,8,1447389
1814,4,1,Coastal,13,2979980
2599,2,3,Rural,11,1658097
2181,1,3,Rural,3,1452573
1316,5,2,Rural,19,878174
2318,1,1,Suburb,7,2075819
885,2,2,Suburb,16,740369
1998,5,3,Rural,7,1484458
1942,5,2,Coastal,0,3513347
2793,1,2,Downtown,19,3782350
2961,4,3,Urban,1,3584222
1102,2,1,Suburb,3,1120627
1387,3,1,Coastal,0,2422535
1786,3,2,Coastal,6,3052528
2663,1,3,Urban,0,3100977
1144,2,2,Urban,8,1336623
1613,2,2,Coastal,2,2750614
2787,1,2,Urban,11,3028775
2110,2,3,Coastal,18,3359185
2799,4,3,Urban,14,3210158
2477,1,1,Urban,15,2600227
2127,4,3,Coastal,9,3608339
1892,2,2,Rural,5,1272525
1809,1,2,Coastal,16,2804903
1503,2,1,Downtown,16,2013714
1374,1,3,Urban,18,1447596
2408,2,2,Suburb,17,2103117
1912,4,1,Urban,10,2257899
1487,4,1,Downtown,6,2270897
1288,2,2,Suburb,9,1244319
2147,1,2,Suburb,6,1970088
1293,3,3,Coastal,4,2303861
2467,4,1,Rural,11,1575147
2437,4,2,Coastal,15,3979744
818,3,1,Suburb,17,691214
1800,2,3,Suburb,2,1814795
1650,1,2,Rural,19,847632
2188,2,3,Urban,14,2426152
2154,5,1,Rural,4,1566053
2167,4,3,Coastal,12,3618779
1621,5,3,Urban,18,1934858
1254,4,1,Coastal,11,2135155
2424,4,3,Rural,4,1763160
1510,5,1,Urban,5,1928818
2990,5,2,Rural,6,2060452
1716,2,1,Downtown,9,2435321
2296,5,1,Suburb,15,2210403
2240,2,2,Urban,7,2544340
1104,2,1,Suburb,8,1050268
1535,2,2,Downtown,3,2329175
2763,4,2,Urban,7,3272038
2949,4,1,Suburb,6,2867552
2809,5,3,Suburb,14,2710887
1761,4,3,Urban,2,2283249
1826,5,2,Suburb,16,1801757
2932,4,3,Suburb,10,2834639
2273,1,3,Urban,8,2532455
2747,1,1,Suburb,4,2489319
1977,5,2,Suburb,9,2048812
1464,4,2,Coastal,14,2443014
811,4,1,Coastal,13,1378790
1956,2,3,Downtown,3,2943775
1103,3,2,Coastal,19,1720728
2563,5,3,Coastal,1,4524225
842,3,2,Downtown,11,1252398
1743,3,2,Suburb,0,1843039
2149,5,2,Suburb,19,2019681
1690,4,2,Coastal,4,2992728
1804,5,3,Downtown,5,2889574
820,3,3,Suburb,10,902655
1206,4,3,Rural,7,996396
1814,1,3,Urban,6,2104143
1135,5,1,Urban,3,1560107
2638,5,2,Urban,5,3190719
1947,4,2,Coastal,15,3218380
2627,1,2,Urban,19,2719199
1514,1,1,Urban,14,1563077
850,4,3,Rural,13,701321
1123,2,2,Suburb,11,1063946
1588,5,3,Rural,11,1221662
940,5,3,Coastal,15,1727973
1269,3,1,Urban,14,1428314
1586,4,1,Suburb,12,1523002
2625,3,3,Urban,10,3059641
2157,3,2,Urban,16,2392392
2716,1,2,Coastal,14,4286022
1763,5,1,Urban,13,2103050
1172,3,1,Downtown,9,1747176
2492,1,1,Suburb,11,2169560
1979,4,1,Suburb,15,1809020
2471,3,1,Downtown,14,3463485
905,5,1,Coastal,9,1645925
2243,3,1,Urban,3,2617915
2481,4,2,Urban,8,2936183
801,3,1,Suburb,19,681152
2937,5,1,Coastal,8,4934428
1149,1,2,Coastal,19,1666183
2086,5,2,Coastal,10,3547205
1862,1,3,Urban,10,2093757
1244,2,1,Coastal,6,2075008
1751,5,1,Downtown,9,2645592
835,5,1,Rural,3,769331
1907,4,1,Coastal,4,3292530
2275,3,3,Rural,4,1606856
2598,1,2,Urban,10,2867749
2645,1,2,Coastal,8,4224846
2208,4,1,Suburb,15,2045897
1995,4,1,Urban,8,2362086
2199,3,1,Downtown,3,3275843
2508,3,3,Downtown,1,3801230
2185,5,3,Rural,13,1564677
2988,2,2,Rural,2,1991418
2100,3,1,Suburb,17,1837775
2043,4,1,Suburb,5,2021249
1320,3,1,Downtown,10,1940632
2606,1,1,Coastal,17,4037094
809,2,3,Downtown,11,1200037
1783,5,2,Downtown,4,2810158
2456,1,2,Suburb,8,2224643
2460,1,3,Rural,19,1383177
2999,2,1,Suburb,17,2616524
1519,5,2,Suburb,18,1476084
1872,4,2,Suburb,2,1981742
1658,5,3,Downtown,8,2647499
2116,3,1,Coastal,3,3568138
2403,1,2,Downtown,16,3240033
849,3,1,Urban,16,941257
945,4,2,Suburb,1,1148886
1714,3,3,Suburb,8,1744045
2262,5,1,Urban,8,2713013
1380,3,3,Suburb,4,1485805
2384,4,2,Suburb,14,2231842
1282,4,3,Suburb,14,1302504
2049,4,3,Urban,2,2596319
1472,5,3,Downtown,18,2205632
1430,4,2,Suburb,2,1559321
1461,1,1,Coastal,5,2371530
1787,4,3,Urban,3,2283107
2346,3,1,Rural,12,1421673
1449,3,2,Urban,12,1661567
1768,3,1,Downtown,10,2531235
1900,5,3,Urban,4,2426732
1240,3,3,Rural,0,1069097
1720,5,3,Coastal,8,3025487
1569,5,3,Rural,16,1126352
2143,4,3,Urban,0,2745002
2626,1,3,Rural,2,1725025
1062,4,2,Urban,14,1294858
2377,4,2,Coastal,9,3977771
1798,5,2,Coastal,7,3150875
1499,5,1,Downtown,11,2285785
2403,3,1,Coastal,14,3830295
2041,3,2,Suburb,8,1965581
1925,4,1,Rural,9,1284781
1990,2,1,Rural,19,1078865
1805,2,3,Urban,8,2083969
835,3,3,Coastal,14,1441167
1543,2,1,Downtown,0,2349530
2564,3,1,Downtown,1,3780802
1152,5,2,Downtown,18,1712728
2722,4,1,Suburb,13,2515785
872,1,3,Coastal,7,1479799
2176,4,1,Downtown,5,3238175
2714,3,2,Suburb,11,2508568
1893,3,3,Rural,14,1206182
1507,4,3,Urban,13,1797851
2604,3,3,Coastal,0,4463204
1755,2,3,Coastal,10,2911586
959,2,1,Rural,2,707659
2996,3,2,Coastal,18,4774348
2535,3,1,Coastal,17,4010691
2385,2,1,Coastal,19,3693020
866,3,3,Coastal,1,1684160
857,3,2,Suburb,6,938556
1141,4,3,Suburb,7,1258025
1953,1,1,Urban,18,1952670
1995,2,1,Coastal,14,3116838
2032,4,3,Rural,9,1463143
2294,1,1,Downtown,0,3339029
2621,3,1,Urban,5,3001234
915,3,3,Downtown,12,1416459
1461,4,1,Downtown,13,2143599
2265,3,2,Coastal,2,3835556
2668,5,3,Rural,10,1900189
1816,4,2,Downtown,2,2836222
1110,1,1,Downtown,18,1381977
1007,4,1,Urban,9,1242813
1432,2,3,Rural,14,889766
2902,4,1,Rural,10,1843869
1456,3,3,Downtown,14,2147827
2223,3,3,Rural,12,1439881
2731,5,3,Urban,4,3347038
2479,5,3,Urban,3,3077617
1036,5,3,Urban,12,1361882
1147,1,2,Coastal,8,1872859
1429,5,3,Downtown,16,2192665
2340,1,2,Rural,1,1513201
2803,5,1,Urban,4,3349589
2071,1,3,Downtown,15,2848806
1163,4,1,Downtown,6,1845352
1085,4,3,Coastal,0,2097286
948,3,2,Rural,11,646673
1907,1,2,Rural,10,1120712
1255,2,2,Urban,11,1414427
2566,3,1,Urban,18,2766061
1599,4,3,Downtown,11,2424310
1984,1,1,Rural,11,1115352
1812,5,2,Rural,13,1255648
2323,2,1,Urban,1,2685498
1280,4,2,Suburb,1,1434622
2486,3,2,Downtown,3,3706248
2961,1,2,Rural,19,1604002
2401,2,3,Coastal,15,3877399
1140,1,3,Coastal,9,1875324
2810,5,2,Suburb,12,2727467
2666,3,1,Urban,1,3142561
1634,1,1,Urban,2,1880407
2003,4,3,Urban,18,2315556
2525,3,2,Coastal,5,4215739
2489,4,1,Urban,18,2736418
1110,1,2,Coastal,19,1659186
1061,3,1,Suburb,18,901447
2242,4,3,Downtown,7,3392736
1205,5,2,Rural,13,898287
2990,5,2,Suburb,9,2958765
1141,1,1,Coastal,2,1906951
2139,3,1,Suburb,5,2091531
1043,2,1,Rural,14,571276
1289,3,2,Downtown,17,1792475
811,5,3,Rural,13,692286
1360,4,3,Coastal,18,2253536
841,2,1,Rural,9,533662
1393,1,3,Suburb,14,1241916
2252,2,1,Urban,3,2587241
2626,1,3,Suburb,1,2530053
2493,2,2,Coastal,2,4150473
933,1,1,Downtown,6,1296567
1747,1,3,Rural,15,992829
872,2,2,Downtown,9,1311020
1198,2,3,Coastal,18,1902905
2228,1,2,Rural,16,1229900
929,5,2,Suburb,18,922754
2611,2,3,Suburb,4,2524963
2801,3,3,Coastal,19,4485922
1065,4,2,Rural,12,768010
2360,1,2,Suburb,12,2104101
2785,1,2,Coastal,10,4428693
1592,4,1,Coastal,10,2656441
2112,5,2,Downtown,15,3111578
963,4,1,Suburb,14,943543
894,2,2,Rural,16,479051
2605,4,1,Suburb,17,2365466
1933,1,2,Suburb,18,1588975
1621,4,2,Suburb,3,1749506
1037,3,2,Coastal,4,1830858
2760,2,3,Urban,6,3184963
1848,4,3,Urban,1,2354732
2476,1,2,Downtown,0,3590648
1763,2,1,Suburb,11,1576137
1336,1,1,Urban,9,1444327
2403,5,2,Downtown,7,3627401
2779,3,3,Coastal,0,4757550
927,5,1,Suburb,11,1028912
891,3,3,Rural,1,813955
1342,4,1,Coastal,9,2277199
1645,2,2,Downtown,16,2288167
2481,4,3,Coastal,2,4275976
2651,3,1,Rural,6,1742273
1189,3,2,Coastal,11,1970876
2684,3,2,Downtown,7,3934457
842,1,2,Rural,19,334566
1053,2,3,Rural,11,725774
1883,4,3,Coastal,2,3338533
2340,4,2,Rural,16,1466458
2753,5,3,Coastal,8,4707595
1441,3,1,Suburb,9,1372515
1489,3,2,Rural,5,1059564
2076,3,2,Coastal,0,3590916
2750,4,3,Suburb,11,2643024
1879,5,2,Rural,4,1446959
2286,1,1,Suburb,12,1948664
1256,2,3,Rural,14,762647
1782,1,3,Downtown,10,2539785
2930,4,2,Downtown,7,4293587
1922,3,2,Coastal,4,3251777
948,2,2,Urban,1,1215435
2152,4,3,Downtown,11,3223364
1979,4,2,Urban,1,2455770
989,4,1,Suburb,15,949194
1682,2,2,Suburb,2,1709129
1199,2,2,Urban,9,1363117
1408,5,3,Coastal,18,2422313
2595,5,2,Rural,7,1819602
2438,1,3,Urban,6,2742405
2375,2,2,Urban,0,2804843
2948,2,1,Urban,11,3258622
2182,2,1,Urban,4,2483203
2203,5,3,Urban,15,2631557
1619,4,3,Coastal,3,2934938
1619,3,2,Downtown,16,2288689
1219,5,2,Rural,1,1119995
923,2,1,Downtown,11,1274861
1221,5,2,Urban,0,1709882
2308,1,1,Downtown,11,3166229
2397,2,3,Coastal,11,3893687
1567,1,2,Suburb,11,1406624
2844,2,3,Downtown,18,3973562
2939,5,2,Rural,16,1920901
2349,4,1,Coastal,19,3762442
2564,3,3,Suburb,10,2449665
2844,1,3,Coastal,12,4531244
1309,5,2,Urban,7,1704223
2006,4,3,Suburb,9,2025797
1185,5,1,Rural,7,961957
2397,1,3,Suburb,19,2039628
1541,3,3,Rural,7,1133339
2711,5,2,Urban,8,3250833
2246,2,3,Rural,6,1512989
1700,4,2,Coastal,13,2844715
2912,5,2,Downtown,1,4450916
2809,4,3,Coastal,10,4731322
1041,2,1,Coastal,7,1746851
2820,3,2,Suburb,12,2605580
972,3,3,Urban,14,1179564
1471,2,2,Downtown,2,2200223
963,4,1,Rural,13,659272
1264,5,1,Suburb,14,1244684
1296,2,2,Urban,1,1593055
1499,1,1,Downtown,18,1909207
1502,4,3,Coastal,11,2585119
2740,3,3,Urban,19,3046004
2591,2,2,Urban,3,2994494
982,3,1,Urban,2,1289204
1428,4,3,Coastal,4,2565619
2531,3,3,Rural,2,1815289
1345,2,3,Suburb,14,1222469
2387,4,2,Rural,18,1469533
1423,1,2,Downtown,1,2098900
1393,2,3,Suburb,11,1330492
1543,5,3,Downtown,4,2523511
2568,2,1,Coastal,16,4035468
2259,4,1,Rural,13,1422345
2748,2,1,Urban,9,3054792
2868,1,2,Suburb,2,2707726
904,1,3,Urban,3,1147117
816,5,2,Downtown,5,1476826
1192,3,3,Urban,15,1391834
1224,4,1,Urban,6,1525030
2976,4,1,Coastal,14,4852588
1371,3,1,Coastal,19,2139636
2876,1,1,Rural,10,1670544
1920,1,3,Downtown,0,2861360
1041,2,1,Coastal,4,1748413
1588,5,3,Coastal,12,2800300
1514,5,3,Rural,13,1108001
1558,5,2,Suburb,8,1645130
1575,2,1,Rural,16,839333
878,5,1,Urban,14,1071199
1655,3,2,Urban,6,2015348
2239,2,3,Coastal,11,3645239
2934,3,1,Coastal,5,4860737
2948,2,3,Rural,15,1794004
1831,5,2,Rural,4,1408795
1644,3,3,Downtown,8,2479448
886,3,1,Urban,13,993293
2890,3,3,Rural,7,1946715
1207,2,3,Suburb,13,1148029
2468,4,1,Downtown,11,3581054
947,5,1,Rural,9,779650
1031,3,3,Coastal,19,1685598
2750,4,3,Rural,19,1696854
1165,5,2,Coastal,12,2065558
2474,5,1,Coastal,18,4001385
1235,3,3,Urban,14,1462085
1198,3,1,Urban,7,1422078
2034,2,2,Rural,9,1295664
2214,4,3,Rural,2,1661726
1362,4,3,Suburb,2,1545080
2084,3,3,Downtown,4,3186861
1572,5,1,Downtown,15,2319822
2837,3,2,Rural,16,1707867
2143,5,1,Urban,5,2610365
2985,5,3,Suburb,19,2840346
2373,3,2,Downtown,19,3288855
1791,1,3,Rural,15,1009606
2046,4,3,Urban,1,2571883
1159,5,1,Urban,19,1341522
1720,5,3,Urban,14,2117076
1762,1,2,Coastal,17,2677525
2627,2,3,Urban,0,3130483
2413,1,3,Rural,18,1378193
2440,1,1,Suburb,11,2104143
1016,5,2,Rural,7,890405
1177,4,1,Urban,5,1527205
918,1,3,Suburb,11,823617
989,2,1,Downtown,6,1455900
1169,3,1,Downtown,17,1598126
2601,1,1,Rural,13,1464496
2996,1,1,Suburb,7,2712333
1451,2,3,Rural,19,833043
2682,4,3,Suburb,13,2599429
2311,1,2,Suburb,4,2157506
1569,1,1,Rural,8,931316
1580,4,1,Suburb,7,1574551
2516,2,2,Urban,1,2971858
2111,1,1,Suburb,15,1780336
2049,4,2,Suburb,12,2008187
1322,1,3,Rural,6,909622
1321,3,2,Downtown,15,1904716
1582,5,1,Coastal,6,2798880
1735,3,2,Suburb,13,1646809
2488,1,3,Coastal,13,3938046
1287,2,1,Suburb,11,1162721
2650,5,3,Rural,0,2038010
1645,3,3,Rural,0,1316470
2971,4,2,Suburb,11,2842801
2803,2,3,Rural,19,1614449
2548,3,1,Rural,14,1558463
1485,4,3,Suburb,3,1662709
2960,1,3,Downtown,6,4204888
2969,4,2,Suburb,15,2779083
2367,3,3,Downtown,2,3610935
2045,3,2,Rural,6,1396424
838,1,2,Downtown,5,1249759
1579,4,1,Rural,15,1024574
2056,4,1,Downtown,7,3075082
2996,1,1,Downtown,5,4200475
2727,4,1,Suburb,9,2591999
1101,1,2,Downtown,15,1474372
1446,2,3,Rural,10,978816
1462,3,1,Suburb,12,1335750
2559,2,1,Downtown,5,3643013
1055,5,1,Suburb,0,1298805
1397,5,3,Coastal,18,2358769
1461,5,1,Suburb,11,1461142
1034,1,3,Coastal,5,1766497
2168,4,2,Coastal,17,3533885
1569,2,2,Suburb,12,1412587
1012,2,2,Rural,6,705509
1262,2,3,Rural,12,817971
1082,2,1,Rural,7,700838
2286,5,1,Urban,16,2620763
2230,2,1,Coastal,8,3627592
887,4,1,Suburb,19,784915
1867,5,1,Rural,12,1307533
1260,2,3,Rural,1,1002895
2524,1,2,Suburb,3,2344639
2176,3,1,Coastal,1,3664798
1314,3,2,Suburb,3,1401954
1502,3,3,Urban,17,1717177
2453,5,3,Urban,4,3032124
2866,2,1,Suburb,18,2489820
822,5,3,Coastal,9,1594199
1853,4,2,Rural,17,1150236
2630,1,1,Urban,9,2856014
2955,1,1,Urban,4,3301357
2104,3,2,Coastal,16,3372457
1934,3,1,Urban,12,2138710
2983,3,1,Urban,16,3241119
1161,2,2,Coastal,8,1955833
2976,4,1,Suburb,11,2821780
2699,4,1,Rural,13,1687857
2084,4,2,Rural,13,1345877
1314,4,3,Urban,7,1679306
1248,3,2,Rural,4,928668
2723,1,1,Suburb,18,2269246
2306,3,2,Urban,13,2604876
2047,4,1,Rural,8,1365519
2655,3,1,Downtown,6,3850149
1673,4,2,Downtown,7,2585724
2228,5,1,Downtown,13,3282255
2554,1,3,Downtown,13,3532445
1722,5,1,Downtown,10,2594484
2959,2,2,Urban,13,3259758
1836,3,3,Coastal,7,3147930
2216,2,3,Coastal,2,3768278
1113,3,1,Urban,17,1217744
2797,5,2,Urban,2,3455904
1837,4,1,Suburb,12,1749967
2456,4,1,Coastal,11,4039893
2578,3,2,Downtown,14,3686069
1814,4,2,Urban,17,2055293
1893,5,1,Downtown,4,2904829
1924,4,3,Coastal,6,3324104
1497,5,1,Rural,10,1059976
2979,2,3,Rural,10,1904655
2204,5,1,Urban,14,2572681
1955,1,2,Suburb,9,1785936
1843,1,3,Downtown,14,2568196
2729,1,2,Urban,12,2963136
1813,3,2,Suburb,13,1667944
1026,3,2,Downtown,16,1427733
2628,3,2,Coastal,12,4258469
2292,5,2,Rural,9,1607784
1621,3,1,Suburb,0,1699846
2823,2,3,Downtown,0,4210547
1670,1,1,Urban,14,1752333
2885,5,1,Downtown,15,4151277
2595,1,1,Urban,11,2810106
987,3,2,Rural,5,749133
1880,5,1,Rural,5,1396514
1740,4,3,Downtown,11,2657522
1325,2,1,Downtown,14,1816800
1135,3,2,Urban,3,1457857
1878,3,3,Urban,3,2317871
961,2,3,Suburb,1,1066727
1393,2,3,Suburb,11,1329544
2738,4,3,Suburb,6,2753165
859,3,1,Downtown,19,1133264
2701,3,2,Suburb,8,2541692
1205,1,3,Downtown,8,1756695
1463,5,3,Rural,7,1180451
1932,5,2,Coastal,13,3288710
1899,1,1,Rural,0,1248537
1341,5,3,Downtown,11,2149968
2137,2,1,Downtown,1,3125874
1797,5,1,Coastal,12,3013074
1940,5,1,Urban,3,2415676
1667,1,1,Urban,19,1658332
2866,4,3,Urban,17,3264390
1231,5,3,Suburb,18,1286648
1539,5,1,Urban,15,1795932
2173,4,1,Suburb,13,2041585
982,1,2,Suburb,7,899808
2960,4,2,Urban,11,3425870
2006,1,2,Urban,8,2244710
1969,2,3,Coastal,5,3329278
1630,1,2,Coastal,17,2468171
2451,2,3,Suburb,1,2410489
1936,2,3,Coastal,7,3220677
1275,1,3,Suburb,13,1109210
2126,3,3,Downtown,5,3221589
1770,1,2,Suburb,9,1588236
1819,5,1,Suburb,7,1880327
1941,5,1,Coastal,16,3190537
2636,3,1,Downtown,11,3725154
960,2,2,Rural,16,531688
997,3,1,Rural,12,615248
2083,5,2,Rural,18,1352368
1459,3,2,Downtown,11,2139647
2575,1,2,Urban,15,2726983
1870,3,1,Downtown,4,2765545
2810,2,1,Coastal,15,4418413
1198,1,1,Suburb,5,1102113
2533,4,3,Suburb,10,2504917
2382,5,2,Coastal,16,3969322
2925,5,3,Coastal,13,4908746
2971,3,2,Suburb,5,2837609
874,1,1,Urban,10,906758
2984,4,2,Urban,11,3455928
1401,1,2,Urban,12,1482123
1636,5,3,Coastal,3,2992451
2328,1,2,Suburb,6,2143956
1299,4,1,Suburb,1,1458381
2396,3,2,Suburb,5,2360689
937,2,2,Downtown,5,1464897
2897,1,2,Downtown,17,3921945
2594,2,3,Rural,19,1502592
1772,5,2,Downtown,7,2773059
2442,3,2,Urban,7,2830039
2685,3,3,Urban,7,3145910
2828,1,3,Urban,7,3195960
2700,3,3,Urban,0,3297923
2249,1,3,Rural,1,1495847
1346,1,1,Urban,11,1438018
1721,2,1,Coastal,14,2694633
1380,3,2,Coastal,3,2434355
2172,1,1,Coastal,2,3525329
2756,2,2,Downtown,13,3863758
2803,4,1,Suburb,7,2681607
2896,2,3,Rural,12,1789237
1503,2,3,Coastal,18,2382996
2425,1,1,Coastal,4,3912369
1437,5,1,Urban,12,1740181
1809,5,2,Coastal,19,2991081
1440,5,2,Urban,0,1936589
2661,2,2,Urban,15,2895660
2005,1,3,Suburb,1,1942534
1485,3,3,Downtown,6,2259169
2651,2,3,Urban,5,3078013
987,2,3,Urban,4,1238939
2419,1,2,Suburb,3,2245515
2487,4,3,Urban,1,3070652
1784,2,3,Rural,9,1156808
1347,4,3,Downtown,4,2159284
2231,4,3,Rural,17,1467587
1675,5,1,Coastal,9,2873225
1417,1,2,Downtown,14,1898723
2165,4,2,Coastal,8,3690030
2043,1,3,Urban,10,2268236
1702,5,1,Suburb,16,1641412
962,1,2,Rural,8,586610
2774,2,2,Coastal,15,4413397
1069,4,3,Urban,5,1486241
1431,1,3,Rural,10,895333
1705,3,2,Rural,16,1052952
2814,1,2,Coastal,3,4626345
2441,4,1,Urban,14,2746963
1004,5,2,Suburb,0,1258980
1381,5,2,Coastal,19,2324898
2379,4,3,Rural,0,1778110
1640,2,2,Rural,8,1049285
2636,2,3,Downtown,11,3762660
2051,5,2,Urban,3,2593979
2519,5,2,Downtown,12,3712743
2442,4,2,Suburb,6,2447544
1674,2,1,Coastal,7,2710813
2264,5,3,Rural,12,1599978
1489,2,1,Urban,10,1632626
2810,5,2,Rural,8,1973331
2222,1,1,Downtown,15,2982815
2801,3,3,Downtown,9,4106790
1471,1,2,Coastal,10,2319583
1971,5,1,Urban,11,2332278
2295,3,1,Urban,13,2546490
1743,3,3,Coastal,18,2799121
2249,5,1,Downtown,11,3337429
1695,5,3,Downtown,17,2544366
2989,2,2,Downtown,16,4167555
2136,5,2,Rural,2,1635894
964,4,1,Suburb,0,1158277
2868,5,2,Downtown,18,4129937
1905,4,2,Suburb,3,2001411
2553,5,1,Suburb,15,2400586
2738,2,2,Urban,11,3070419
1170,4,1,Coastal,12,1986296
2680,1,3,Rural,16,1540791
1652,4,3,Suburb,7,1720101
1183,2,3,Rural,12,774922
2731,4,1,Urban,19,3007187
1224,5,1,Downtown,4,1996593
1428,5,2,Suburb,17,1427488
1694,2,2,Coastal,14,2706179
1397,3,2,Urban,11,1638594
1392,5,2,Rural,16,978581
2487,1,2,Downtown,14,3395882
1372,2,1,Rural,1,987450
2875,4,1,Coastal,5,4780458
2890,4,3,Suburb,16,2732770
2504,1,3,Coastal,15,3953700
976,5,3,Rural,16,788089
1328,2,3,Rural,19,724499
2433,1,1,Coastal,8,3872285
1765,5,1,Coastal,4,3129069
2317,2,1,Coastal,0,3877485
997,4,2,Downtown,5,1611819
1652,2,2,Rural,13,1018377
2337,3,3,Urban,16,2633171
2869,2,2,Downtown,18,3965271
1880,3,1,Downtown,0,2874680
897,2,3,Downtown,0,1486070
2703,3,3,Urban,12,3085915
1234,4,2,Coastal,13,2123734
1436,5,3,Rural,5,1190298
1387,3,2,Suburb,5,1452218
1143,3,2,Suburb,0,1297046
2117,4,3,Rural,13,1411929
2779,3,2,Urban,2,3296629
1370,1,2,Suburb,9,1219171
1410,4,2,Downtown,18,2007947
2527,1,2,Suburb,18,2169465
2654,4,3,Rural,18,1702348
1759,3,1,Downtown,3,2642325
2879,1,1,Suburb,19,2395550
1331,3,2,Rural,18,771900
1977,4,2,Urban,9,2348764
1891,3,2,Rural,1,1354041
2701,1,1,Urban,3,3041879
1683,1,2,Downtown,5,2410532
2478,3,3,Rural,6,1686915
2926,2,3,Coastal,15,4700469
2549,4,3,Coastal,6,4340268
1581,4,1,Coastal,17,2566597
2905,3,2,Coastal,19,4613615
1680,2,2,Coastal,18,2601615
1246,1,2,Urban,8,1375332
2913,5,1,Rural,19,1798167
2583,5,1,Downtown,9,3836334
2077,3,1,Coastal,12,3375938
2791,2,1,Coastal,17,4386360
1867,2,3,Downtown,15,2599781
2377,4,1,Downtown,16,3396409
1811,1,1,Coastal,12,2809154
1573,2,1,Urban,11,1720619
2614,5,2,Downtown,9,3890730
2001,1,2,Rural,0,1329415
2250,1,2,Rural,7,1363566
1106,3,3,Urban,17,1257929
1578,2,3,Suburb,1,1621549
807,3,1,Urban,15,905749
1275,2,2,Coastal,11,2055728
2120,4,3,Suburb,8,2158316
1284,3,2,Coastal,2,2272775
1704,3,3,Rural,3,1299480
1358,5,3,Downtown,1,2298014
2767,3,1,Coastal,7,4548414
1927,2,1,Rural,9,1207127
2033,5,3,Urban,15,2459235
1267,3,1,Coastal,10,2088745
1647,3,3,Rural,17,1048788
1058,4,3,Downtown,13,1635153
1082,3,2,Coastal,7,1859072
2449,1,1,Rural,14,1338768
2698,5,1,Coastal,16,4420903
839,1,1,Downtown,17,995013
1814,5,2,Coastal,5,3206669
1412,4,2,Coastal,13,2403464
2715,3,2,Rural,2,1849156
1487,3,1,Suburb,6,1451723
1412,3,1,Coastal,14,2277262
2581,5,1,Suburb,15,2450705
2610,3,2,Urban,15,2877987
2347,1,2,Coastal,7,3797797
2730,3,3,Suburb,6,2655369
1952,4,2,Urban,5,2390068
1374,1,3,Rural,1,970834
2710,3,1,Coastal,12,4400243
1812,3,2,Rural,11,1166748
1469,2,1,Urban,14,1552536
1068,5,1,Rural,8,888267
2083,1,1,Rural,1,1337183
1723,2,1,Downtown,16,2344396
1925,4,2,Urban,4,2364507
2329,5,1,Rural,10,1593324
2558,1,3,Suburb,18,2212411
2394,3,2,Urban,6,2784728
1046,1,1,Downtown,1,1522789
2360,3,2,Coastal,15,3833569
2978,5,3,Rural,11,2070799
2739,3,1,Suburb,14,2454558
1729,4,3,Downtown,0,2753545
1026,3,1,Urban,12,1147952
1064,4,3,Rural,5,903886
2195,5,1,Downtown,12,3244400
2257,5,2,Downtown,17,3256892
1445,1,1,Suburb,2,1392357
2218,4,2,Coastal,0,3875327
2273,4,1,Coastal,14,3681912
2187,2,1,Coastal,12,3466137
2699,2,3,Urban,4,3156572
2049,2,3,Downtown,12,2944626
1781,3,3,Urban,4,2170212
1954,2,1,Downtown,18,2631145
1387,4,1,Suburb,17,1275040
1275,3,1,Suburb,9,1225981
2621,5,2,Urban,7,3176455
1785,1,2,Urban,14,1873525
2041,2,1,Suburb,19,1715982
989,5,3,Rural,3,991045
2240,4,3,Coastal,1,3912562
1780,1,3,Coastal,5,2934304
2498,5,1,Suburb,2,2585642
2515,1,3,Coastal,6,4140625
840,2,1,Rural,9,506015
1742,4,2,Rural,5,1305085
1137,1,3,Downtown,15,1575623
2137,5,2,Urban,1,2691410
1898,2,3,Coastal,16,3019388
1695,2,1,Rural,12,1017374
2474,5,1,Urban,0,3052367
1730,5,1,Urban,5,2159904
1088,1,1,Downtown,4,1557456
1523,3,3,Urban,12,1823648
2753,2,2,Urban,17,2968352
1889,1,1,Suburb,11,1620536
1282,5,3,Downtown,6,2116615
1735,1,2,Downtown,14,2387479
955,5,1,Coastal,2,1823196
1870,4,2,Urban,15,2140089
2758,5,1,Coastal,0,4772469
2483,5,2,Rural,15,1632404
923,5,2,Urban,11,1202806
2848,3,1,Rural,18,1661384
1767,5,3,Suburb,7,1896009
1654,2,2,Urban,11,1882935
1439,2,1,Coastal,14,2267240
2402,1,2,Coastal,1,3987104
1241,3,2,Urban,16,1402211
2744,1,3,Coastal,6,4509721
2638,2,2,Urban,12,2930047
2629,2,2,Downtown,0,3893802
2990,4,1,Coastal,5,5015588
1332,5,1,Urban,12,1598290
2136,2,3,Urban,10,2448865
1748,1,2,Coastal,9,2831031
2819,1,2,Downtown,15,3853152
1259,5,2,Coastal,19,2108535
1350,5,3,Urban,16,1649691
1192,4,2,Downtown,16,1758561
2587,3,1,Rural,3,1730941
1644,1,3,Suburb,4,1591261
1938,5,1,Coastal,13,3256825
1445,1,1,Urban,19,1380592
2266,5,3,Downtown,9,3463074
2177,2,1,Downtown,13,2983370
941,1,2,Rural,0,686684
1300,2,3,Coastal,10,2140307
1639,1,1,Downtown,17,2113342
2482,3,2,Rural,15,1535942
2365,4,2,Urban,17,2665292
2846,2,1,Rural,7,1733365
2330,5,2,Coastal,9,3984732
1395,3,3,Rural,9,996198
2704,1,1,Downtown,4,3803335
1080,2,2,Downtown,9,1563202
1223,1,2,Suburb,17,1002899
1069,1,1,Rural,5,647777
953,1,1,Urban,2,1134342
2550,4,1,Coastal,7,4239297
1461,4,1,Suburb,8,1452936
2767,5,3,Rural,4,2030564
882,2,1,Urban,1,1134891
2249,3,3,Suburb,1,2303469
2098,3,3,Downtown,6,3152017
1779,3,1,Coastal,16,2848835
2459,1,3,Rural,9,1527843
2198,4,1,Urban,11,2504463
1432,2,1,Downtown,1,2159044
2331,1,2,Suburb,9,2131291
1586,4,1,Coastal,19,2514628
1197,4,2,Suburb,0,1387123
1943,2,3,Suburb,3,1928777
1733,2,2,Urban,12,1954149
2260,2,3,Downtown,11,3248911
2652,1,1,Rural,10,1530831
1085,5,3,Urban,9,1501152
1064,2,3,Coastal,14,1704310
2936,5,1,Suburb,4,2925900
2477,1,3,Coastal,16,3893097
2026,5,1,Urban,4,2537515
1620,3,2,Urban,1,2034377
2562,5,1,Rural,8,1738334
840,2,1,Suburb,5,848224
2531,1,3,Urban,17,2705997
867,2,2,Coastal,13,1409480
1787,3,1,Rural,18,1028303
2599,2,2,Coastal,13,4181713
2421,2,2,Suburb,7,2289482
2455,2,3,Rural,16,1500320
2078,4,1,Rural,2,1473856
1494,3,3,Rural,9,1060350
1885,2,1,Downtown,16,2531753
2493,2,2,Rural,10,1547741
1858,2,1,Coastal,7,3031940
1578,1,1,Coastal,0,2609034
1293,4,2,Suburb,12,1283336
2385,1,2,Urban,3,2691876
2292,4,1,Urban,6,2711983
2590,2,3,Downtown,13,3682249
1460,3,1,Rural,4,1049025
2148,5,2,Downtown,10,3223647
2127,5,3,Suburb,16,2084629
2099,2,2,Suburb,4,2015813
2786,1,2,Urban,19,2894458
2844,3,3,Suburb,2,2850715
2728,4,2,Rural,4,1886272
2147,2,2,Coastal,14,3455034
1858,3,2,Suburb,18,1648724
1776,3,2,Downtown,15,2537787
1281,4,2,Rural,7,958139
1527,3,2,Suburb,12,1443157
1831,1,2,Suburb,15,1571262
1142,1,2,Rural,2,801871
2247,1,2,Suburb,0,2137664
1326,3,1,Coastal,8,2192049
2696,1,1,Urban,8,2974769
1458,4,2,Rural,16,945630
2873,3,1,Downtown,1,4218278
1619,5,3,Suburb,8,1764674
1205,3,1,Urban,18,1246369
2373,4,2,Downtown,12,3471047
2611,5,2,Downtown,4,3985475
1304,3,1,Coastal,8,2184540
978,1,2,Urban,12,1009459
931,2,3,Rural,0,804970
2646,2,3,Urban,14,2951952
2278,1,2,Urban,3,2628985
1571,2,3,Downtown,3,2416000
2229,2,3,Coastal,19,3505785
2923,1,1,Coastal,9,4655551
1378,1,3,Urban,5,1647544
2315,3,1,Urban,11,2590837
993,3,2,Suburb,19,843831
2807,1,1,Downtown,15,3776158
1985,4,2,Rural,2,1509334
2184,2,2,Rural,13,1311014
2592,3,2,Coastal,0,4434571
1910,2,2,Downtown,9,2725771
2736,5,2,Coastal,14,4531203
1579,1,1,Rural,6,943646
1061,4,2,Urban,3,1429316
1529,5,3,Downtown,13,2376809
1082,5,3,Downtown,15,1722787
2290,5,2,Suburb,13,2258488
1161,1,3,Urban,2,1417677
1240,3,1,Urban,16,1364990
2940,1,1,Coastal,13,4621320
2444,3,2,Downtown,17,3407901
1666,5,2,Coastal,2,2995115
2247,5,2,Urban,18,2578502
941,4,3,Suburb,2,1147791
2114,3,3,Downtown,11,3086572
2255,5,1,Urban,4,2780957
2675,2,3,Suburb,9,2530353
2647,4,1,Rural,8,1772635
2512,1,3,Urban,0,2934132
1500,4,1,Rural,12,974192
1797,2,2,Coastal,2,3031328
2896,3,3,Rural,18,1760436
2125,1,1,Urban,10,2282337
1680,1,3,Rural,15,984492
2013,3,2,Downtown,5,3024145
1959,4,1,Urban,2,2434540
1354,5,3,Suburb,18,1398236
1203,4,3,Rural,5,999578
1691,2,2,Downtown,7,2475530
1401,5,2,Coastal,12,2428308
2630,4,1,Coastal,11,4334945
1140,3,3,Rural,9,843232
2768,2,3,Coastal,2,4666066
1503,2,2,Suburb,3,1517112
1117,2,2,Urban,0,1403482
2186,5,1,Downtown,12,3216715
2600,1,3,Rural,3,1675052
2167,5,3,Coastal,10,3726721
2372,4,1,Urban,18,2593098
1616,1,1,Suburb,10,1391619
1352,4,2,Coastal,11,2292354
1655,1,2,Coastal,10,2643546
2612,5,1,Downtown,5,3905609
982,2,1,Suburb,11,874772
2374,3,3,Suburb,8,2325777
1196,2,1,Rural,9,771620
2527,5,1,Downtown,2,3830323
2317,1,3,Rural,2,1547281
1706,2,1,Downtown,19,2255430
2156,5,2,Suburb,15,2124581
2974,4,2,Downtown,2,4463976
800,3,3,Downtown,9,1275105
818,2,1,Downtown,10,1171685
1383,1,2,Urban,7,1550595
1255,4,2,Urban,5,1607364
2836,5,2,Suburb,19,2661382
1932,3,2,Downtown,10,2797676
2752,1,1,Suburb,11,2399855
2950,5,1,Urban,15,3363684
1787,5,1,Downtown,17,2578772
1319,2,1,Rural,12,766893
1658,2,2,Urban,2,1973125
973,1,3,Urban,14,1065948
2166,5,3,Urban,13,2628588
1526,2,2,Downtown,17,2102690
2510,3,2,Coastal,13,4087775
2675,3,3,Rural,4,1866057
2481,5,3,Rural,13,1703973
2147,2,2,Suburb,7,2033553
1789,1,2,Downtown,14,2425781
1219,1,1,Urban,14,1260364
1393,1,1,Coastal,18,2080684
2574,3,3,Downtown,19,3645466
1735,2,2,Downtown,5,2534961
1907,2,3,Coastal,18,3008905
1936,3,1,Urban,7,2259276
1131,1,1,Downtown,5,1614522
2888,1,3,Rural,19,1623904
2593,5,1,Rural,14,1669309
1758,4,2,Coastal,2,3079901
904,2,3,Urban,9,1074143
1001,2,2,Coastal,14,1570551
2642,2,2,Downtown,15,3650814
2666,4,1,Rural,16,1645780
2796,5,2,Suburb,18,2653377
2089,4,3,Coastal,10,3572909
1709,1,2,Suburb,15,1482634
1009,1,2,Suburb,4,1010733
1362,2,2,Rural,4,969108
2363,3,2,Coastal,13,3858839
1570,2,2,Suburb,17,1378918
1428,3,1,Downtown,7,2092419
2428,4,3,Urban,4,2947963
2501,1,1,Urban,6,2733570
1186,3,3,Rural,15,800098
2735,4,3,Coastal,13,4527543
1904,1,3,Coastal,4,3155676
1067,3,3,Urban,8,1378178
2656,2,3,Downtown,3,3920281
2798,2,2,Urban,3,3216214
2180,2,1,Urban,15,2310749
2036,4,1,Coastal,16,3291782
1373,2,2,Suburb,14,1207614
848,5,3,Downtown,3,1547207
1950,1,1,Coastal,5,3145951
1022,4,2,Urban,15,1233891
2231,2,2,Suburb,3,2165508
2328,1,1,Downtown,5,3314015
2619,3,1,Rural,4,1722783
2261,2,3,Downtown,15,3163442
1930,1,3,Downtown,15,2677722
2481,5,1,Urban,9,2929512
1174,3,3,Urban,8,1454581
2920,5,2,Rural,3,2101898
2821,1,3,Rural,13,1707230
1853,5,3,Rural,3,1460205
2689,1,2,Coastal,11,4278268
2623,1,3,Coastal,9,4222662
2274,5,2,Urban,3,2861079
1979,1,3,Urban,17,2100588
1864,2,1,Rural,12,1116417
2870,1,3,Coastal,12,4592945
1159,4,1,Suburb,13,1111039
2841,1,1,Coastal,17,4407335
1941,4,1,Urban,0,2414031
2435,1,1,Coastal,15,3779616
2203,1,1,Urban,14,2322885
2743,5,2,Rural,4,1986579
1478,2,2,Rural,5,1020711
806,2,2,Rural,5,625877
2391,3,1,Suburb,2,2354726
1632,5,3,Suburb,15,1674964
2610,5,2,Urban,11,3078942
1713,2,3,Downtown,3,2607739
2811,5,3,Suburb,0,2925172
2242,2,1,Urban,3,2595334
2250,5,1,Coastal,0,3934265
2302,1,1,Rural,7,1404335
925,2,2,Rural,4,713192
1616,2,1,Rural,1,1113268
2629,4,2,Urban,11,3063096
1375,5,2,Rural,16,951024
2215,5,2,Suburb,6,2285399
1729,2,2,Coastal,10,2790147
2263,1,1,Rural,3,1392097
1632,1,2,Urban,4,1903634
1854,1,1,Coastal,5,2963007
2448,5,1,Rural,10,1687983
2700,4,2,Downtown,0,4091458
2257,2,1,Rural,9,1405505
2199,3,3,Suburb,19,1992073
1242,4,1,Coastal,10,2110317
2922,3,1,Suburb,16,2596250
1356,4,2,Downtown,7,2098935
1978,1,2,Downtown,12,2756352
2837,5,1,Suburb,19,2607655
1162,3,2,Coastal,17,1841845
2057,4,3,Downtown,15,3027038
2641,5,3,Downtown,1,4076558
2650,3,2,Rural,4,1801773
2972,2,1,Urban,17,3160986
1710,4,3,Downtown,2,2734693
1044,2,3,Coastal,16,1671311
1341,1,1,Coastal,15,2017178
2969,2,2,Rural,5,1922808
2972,2,3,Coastal,18,4699366
2372,4,1,Rural,6,1602509
923,1,1,Downtown,17,1122276
2531,2,3,Downtown,13,3577777
1585,5,2,Downtown,5,2503278
2843,3,3,Downtown,7,4205110
1596,2,1,Urban,14,1709139
876,1,3,Urban,14,915040
858,2,2,Downtown,14,1217723
2323,3,1,Coastal,15,3708045
2736,1,2,Rural,0,1773697
2956,4,3,Suburb,10,2848567
2101,1,3,Rural,4,1352156
867,4,2,Suburb,4,1054218
2732,1,3,Suburb,5,2534951
1164,3,2,Downtown,1,1866298
1620,3,3,Suburb,5,1670601
2202,1,2,Downtown,13,3024607
1746,2,2,Urban,10,1985902
2377,3,1,Coastal,3,3968528
2177,4,1,Suburb,8,2097339
2239,4,2,Coastal,2,3893594
1561,5,3,Downtown,15,2397827
1140,4,3,Suburb,10,1212303
1182,5,3,Rural,3,1112249
1803,1,2,Urban,0,2112353
2356,1,2,Urban,15,2508244
1099,1,2,Suburb,18,880365
938,2,2,Urban,15,1012545
1158,2,1,Rural,10,720109
1635,5,2,Coastal,7,2881762
2322,4,3,Rural,0,1746811
2427,4,1,Urban,8,2855113
2782,1,3,Coastal,11,4436622
2103,3,2,Rural,7,1418075
1708,2,1,Downtown,16,2307797
1934,2,2,Downtown,9,2754585
2986,1,1,Coastal,6,4786307
1795,2,3,Coastal,18,2869874
2951,1,2,Coastal,5,4805842
2037,5,2,Downtown,18,2935172
2584,4,1,Rural,17,1561483
964,3,1,Coastal,14,1577588
1798,4,2,Downtown,1,2826910
2107,4,1,Coastal,13,3479157
1456,5,2,Coastal,9,2570416
2709,2,1,Coastal,15,4249350
2846,3,3,Downtown,6,4213450
2911,2,1,Rural,7,1820849
1940,4,3,Downtown,9,2945247
2689,1,1,Downtown,14,3629226
1066,4,1,Coastal,7,1877008
2645,2,2,Suburb,12,2381277
2508,4,1,Suburb,11,2347347
2310,1,1,Suburb,7,2096799
1275,5,3,Downtown,14,1970443
1776,2,1,Coastal,11,2806679
2007,4,2,Suburb,10,1977582
1843,2,3,Urban,18,2005645
2760,5,2,Urban,13,3203901
1357,4,2,Urban,17,1529923
1817,4,2,Rural,12,1235537
2405,2,2,Coastal,3,4015732
1682,2,3,Downtown,16,2338568
2994,1,1,Downtown,18,4045270
1465,5,2,Coastal,8,2591507
2571,1,3,Rural,6,1618849
1663,4,2,Coastal,0,2986191
1381,2,1,Rural,6,902771
1494,4,3,Suburb,6,1636330
2051,4,3,Suburb,19,1940383
2410,3,1,Rural,6,1553485
2039,3,3,Coastal,7,3471968
1198,4,1,Suburb,15,1153091
2746,2,3,Coastal,2,4603384
1514,4,3,Suburb,12,1558166
1503,3,1,Coastal,9,2484417
2514,2,1,Coastal,17,3935148
2772,4,3,Urban,6,3293078
881,5,3,Rural,4,860549
1403,5,1,Downtown,6,2204044
2770,4,1,Rural,16,1723280
2510,2,3,Coastal,3,4201881
2846,4,3,Coastal,15,4709906
1702,4,3,Rural,18,1102814
1164,3,1,Coastal,9,1941228
962,5,3,Suburb,2,1276189
2663,3,2,Coastal,2,4470758
915,3,1,Rural,16,558185
1680,4,3,Rural,9,1211697
1639,3,1,Rural,16,955024
2994,5,2,Urban,16,3418893
2146,3,1,Urban,3,2548401
1836,5,3,Urban,5,2355799
1742,3,2,Urban,11,2023554
2524,5,2,Urban,19,2841656
1937,3,3,Urban,16,2195188
821,3,3,Urban,16,963593
2549,2,3,Rural,9,1650409
1482,5,1,Downtown,6,2343802
2633,5,1,Urban,15,3005031
925,5,1,Rural,12,692076
1076,1,3,Downtown,2,1627471
2799,3,3,Urban,1,3368290
2027,5,1,Downtown,15,2924866
1495,1,2,Downtown,5,2153645
2109,2,1,Suburb,5,1994510
856,5,2,Coastal,12,1573265
818,5,3,Suburb,6,1090527
912,1,3,Downtown,4,1396212
1341,3,1,Rural,6,936435
1378,2,1,Urban,1,1671841
1888,5,3,Coastal,16,3228880
824,3,1,Urban,12,969726
2372,2,3,Rural,15,1446749
2848,4,3,Coastal,19,4654896
2372,4,2,Suburb,1,2465378
940,2,1,Downtown,4,1432390
2567,1,3,Rural,17,1481252
1447,2,1,Downtown,6,2108967
1000,2,2,Downtown,10,1474587
1056,1,2,Urban,10,1148178
1346,1,1,Rural,16,647483
1601,3,1,Downtown,15,2248539
1741,3,3,Suburb,12,1708987
1213,1,2,Coastal,4,2013017
2814,4,2,Rural,19,1704107
2181,4,2,Urban,15,2504956
1898,2,1,Rural,15,1056940
1709,5,3,Urban,15,2094513
987,2,1,Coastal,13,1525293
2815,2,1,Suburb,5,2605000
2113,5,1,Downtown,1,3291753
2892,1,3,Rural,13,1696707
2930,4,1,Urban,15,3280586
1946,2,2,Coastal,19,3057598
1157,5,2,Downtown,12,1795630
2351,3,2,Coastal,14,3812208
1889,2,3,Suburb,11,1782429
2480,4,1,Downtown,8,3661142
961,1,3,Downtown,17,1287687
1249,2,1,Downtown,13,1708111
2297,2,2,Urban,19,2445127
1836,5,1,Downtown,3,2853906
2958,3,1,Coastal,7,4846195
2750,3,1,Urban,7,3154303
2113,1,3,Downtown,15,2929970
2038,4,1,Coastal,9,3402926
1773,1,1,Coastal,16,2696266
1431,2,1,Rural,0,1006570
2390,2,3,Coastal,17,3783682
1850,3,3,Suburb,9,1855951
2388,4,3,Downtown,3,3676670
2493,5,1,Downtown,0,3811139
1236,4,2,Downtown,3,1984226
2356,2,2,Coastal,3,3917971
1876,5,2,Coastal,3,3336546
2104,4,1,Downtown,16,2979959
2878,4,2,Urban,8,3355066
982,5,2,Urban,18,1198217
2269,2,2,Suburb,12,2051295
2279,4,1,Rural,3,1617813
2389,5,2,Suburb,4,2467415
2387,2,2,Downtown,12,3386479
1459,5,1,Downtown,15,2145868
959,5,3,Downtown,4,1682310
1811,4,2,Rural,7,1313181
852,2,3,Coastal,15,1393737
1845,4,2,Rural,0,1411161
1853,1,1,Suburb,5,1694521
2028,1,3,Coastal,10,3299025
2294,2,3,Coastal,15,3665129
2289,5,3,Suburb,4,2438548
1835,4,3,Coastal,15,3089915
2750,4,2,Urban,6,3251913
1649,2,2,Suburb,18,1438668
1153,2,3,Suburb,0,1269884
1898,1,2,Urban,8,2101079
2539,3,3,Rural,17,1564970
2264,2,3,Rural,12,1431430
1790,3,1,Rural,14,1109467
2064,2,3,Coastal,2,3536482
2684,5,2,Urban,9,3202533
2609,5,3,Suburb,8,2631295
1911,1,1,Suburb,12,1653705
1617,1,2,Suburb,15,1384298
2599,3,1,Coastal,2,4335638
2760,2,1,Coastal,14,4351552
1688,4,3,Rural,16,1105528
2655,1,1,Coastal,13,4173067
1980,4,1,Rural,6,1396245
1467,4,2,Rural,19,908757
1432,2,1,Suburb,15,1198738
2442,3,3,Coastal,7,4103402
936,2,3,Rural,3,726731
2746,1,3,Urban,19,2911292
2497,4,1,Urban,14,2806677
1227,2,2,Coastal,4,2131404
2275,2,3,Suburb,12,2110561
1618,2,1,Suburb,5,1538464
2988,1,3,Rural,4,1908375
1906,3,3,Coastal,16,3094327
997,2,2,Urban,6,1187188
2795,1,3,Rural,5,1772069
1270,4,2,Rural,1,1061400
2748,5,1,Downtown,10,4031346
1728,1,3,Coastal,6,2831646
2810,5,1,Rural,7,1931352
1705,2,1,Urban,4,1969194
822,2,1,Downtown,17,1047540
1034,1,3,Urban,15,1111838
1924,5,2,Suburb,13,1917596
1728,2,3,Downtown,11,2496325
1322,4,1,Downtown,16,1902209
2608,3,2,Rural,4,1794482
1230,3,1,Suburb,13,1146200
1592,2,2,Rural,5,1073170
2429,5,3,Coastal,14,4077295
2536,2,2,Urban,6,2907671
1332,5,3,Urban,13,1712468
2546,4,1,Rural,17,1544858
2475,5,2,Urban,0,3095854
2116,2,1,Urban,5,2413241
1712,4,2,Coastal,2,3056500
1924,1,3,Suburb,4,1830044
2325,3,2,Downtown,11,3329611
2127,2,2,Rural,10,1306728
1823,2,3,Rural,12,1174187
2376,2,3,Coastal,15,3787599
2178,4,3,Coastal,17,3563560
2319,1,2,Downtown,16,3153484
2481,5,1,Suburb,16,2340079
2797,1,2,Rural,10,1698155
1026,4,2,Coastal,19,1668541
2059,2,1,Rural,9,1256422
1672,3,3,Urban,15,1938704
1691,2,2,Rural,1,1212730
2278,5,1,Suburb,16,2164081
1836,3,3,Suburb,19,1673851
1196,2,3,Rural,9,844013
1923,3,2,Urban,12,2191821
2878,1,3,Suburb,11,2622950
1448,4,3,Coastal,14,2466439
1128,2,1,Rural,6,751421
2282,5,1,Urban,12,2671649
1751,1,3,Coastal,11,2844543
2805,2,1,Rural,11,1661079
2816,1,3,Urban,1,3239495
2678,5,2,Coastal,4,4602779
1996,2,1,Suburb,1,1963542
2572,5,3,Rural,19,1693903
961,3,3,Rural,12,679152
2551,5,1,Suburb,2,2603294
1575,3,1,Downtown,10,2293821
2627,2,2,Coastal,15,4180476
1851,3,3,Suburb,0,1969530
1739,2,2,Rural,18,947927
1339,2,2,Coastal,10,2174647
1621,4,2,Coastal,8,2781203
2261,2,1,Downtown,13,3136963
1888,3,2,Rural,8,1288364
1155,4,1,Urban,6,1476002
1034,4,1,Downtown,15,1473127
2348,2,2,Downtown,2,3483721
2896,5,2,Urban,18,3268522
917,5,3,Urban,3,1359549
2901,4,2,Downtown,6,4291700
2473,2,3,Coastal,11,4029580
1867,5,2,Suburb,17,1825614
2900,2,2,Suburb,4,2765724
1357,2,2,Downtown,9,1962940
2615,4,2,Coastal,11,4326230
2805,4,3,Urban,7,3337193
1197,1,3,Downtown,18,1562759
1474,5,2,Rural,14,1060254
1186,5,2,Coastal,0,2290330
2958,5,3,Rural,2,2154467
2864,3,1,Rural,17,1679801
1683,2,1,Downtown,17,2279387
1340,4,1,Coastal,1,2382323
970,5,3,Rural,4,912445
1539,1,3,Coastal,0,2629809
2201,5,1,Suburb,9,2165863
918,2,1,Rural,19,446311
2951,2,2,Rural,9,1862962
2795,4,3,Coastal,4,4797265
2505,3,3,Suburb,17,2327404
2522,4,1,Rural,14,1568637
2497,5,1,Downtown,19,3537655
2244,1,3,Coastal,7,3651811
2559,4,2,Coastal,16,4202303
2324,3,1,Rural,11,1430247
1464,4,3,Suburb,11,1485836
832,2,3,Rural,0,767488
2902,5,2,Urban,3,3550300
2859,5,2,Rural,7,1973887
2351,5,1,Urban,0,2907948
1519,5,1,Downtown,14,2239755
1283,5,1,Coastal,17,2119055
1772,5,3,Coastal,0,3280524
1106,1,1,Suburb,10,917379
1256,3,3,Rural,1,1029905
1130,5,1,Downtown,0,1901007
1024,3,2,Urban,11,1226494
2279,5,2,Suburb,15,2211198
1882,4,3,Downtown,9,2853830
1443,5,2,Downtown,17,2148970
1415,2,3,Urban,14,1566234
994,1,3,Urban,16,1009848
1288,4,2,Coastal,9,2255405
2049,4,3,Rural,2,1541796
1902,2,2,Suburb,15,1712419
1947,5,1,Rural,5,1461773
2041,1,1,Suburb,2,1904781
1315,4,2,Downtown,8,2042177
2425,1,2,Urban,10,2667622
1927,4,2,Urban,12,2276719
1192,5,2,Downtown,17,1799097
1430,4,1,Downtown,3,2252977
2647,4,3,Suburb,7,2657882
1779,3,3,Downtown,12,2617280
1233,5,1,Suburb,9,1302616
1077,2,3,Rural,1,892244
1032,2,1,Urban,7,1191439
2352,5,3,Urban,5,2946284
2394,2,2,Urban,15,2612589
1913,5,2,Rural,17,1256310
825,2,2,Rural,16,449966
2217,3,1,Coastal,5,3684352
1260,2,1,Suburb,12,1103202
1891,4,3,Suburb,13,1863345
1806,5,3,Coastal,9,3155752
2794,1,3,Urban,10,3079017
1290,1,1,Suburb,12,1052195
1872,5,3,Suburb,11,1948797
1015,3,2,Urban,8,1286449
2523,2,3,Downtown,3,3722633
2392,3,2,Downtown,6,3494105
958,1,1,Coastal,1,1646660
1485,5,2,Rural,6,1159077
2576,5,2,Suburb,8,2597048
2852,3,2,Suburb,4,2768185
2643,3,1,Coastal,14,4250913
2389,2,1,Coastal,17,3747394
2496,4,1,Suburb,3,2489368
2746,4,1,Urban,18,3055673
2862,2,3,Urban,19,3115842
1945,4,1,Rural,6,1360062
2381,1,2,Suburb,7,2153997
2732,4,1,Suburb,16,2507980
2557,2,3,Suburb,12,2372904
2850,4,3,Suburb,10,2789593
1789,5,3,Coastal,0,3259078
2341,3,2,Downtown,1,3524521
1916,1,1,Suburb,16,1602903
1292,5,1,Downtown,4,2118279
1419,5,1,Urban,5,1817304
2897,2,2,Rural,6,1823943
2346,3,2,Urban,14,2617094
1662,3,3,Suburb,18,1537343
2491,1,3,Urban,15,2709285
2405,2,1,Coastal,12,3807678
1379,1,2,Downtown,4,2018232
2690,4,2,Suburb,2,2727235
2075,5,1,Coastal,2,3601648
2655,1,1,Downtown,18,3532677
2155,5,3,Coastal,13,3691686
1962,2,3,Urban,15,2165965
1156,4,3,Suburb,16,1132781
2424,2,1,Urban,3,2767889
2806,4,1,Rural,12,1765345
1669,4,3,Suburb,7,1732918
1685,5,3,Urban,18,2016154
2801,2,2,Suburb,4,2689977
2213,2,2,Downtown,1,3286349
2083,1,3,Suburb,14,1842012
1419,2,3,Suburb,1,1509224
1682,1,2,Downtown,10,2353486
1596,3,3,Urban,12,1846916
2972,3,2,Suburb,9,2775254
2096,3,2,Coastal,2,3566707
1418,2,2,Suburb,4,1390274
2634,2,1,Urban,2,3018588
